name,r7_result
WWYGHKJDTIDVOFBU,3
RCEYUFKXNJUSOSPK,3
KWNHSRDAWRXHIZHB,3
DJZIVKYCOVGQDKSX,3
SEIKUIDWQNHCGCAF,3
ZLDAWRVZTXFEIICL,2
ZRGFFCQJGCNLLGYX,3
VALKXDDSWUGIZVAB,1
JCGBMMJDGCRDNEZD,2
LMJOGNWFSSRKKGSQ,3
JIRLMENYIRKUKHBZ,3
XZPMCYOIUSEICCCF,3
WTGKONEBMRMLVWFT,3
OPARHBZRQZHQOZLZ,1
NROVXCXUVDFCKXZG,2
MMXHUMYHZFJXYSHV,3
DXCORPJGOVNUZOWZ,3
GBILUBTUCLLPQRUN,3
EBDINFRIJFJMXADQ,3
KZQREOJMAWUHKZMM,3
PJVDXCYBIAAQBSJU,2
AYJXWOHEKXKOOCGA,0
KNZUXYNPYNWQNAME,1
CNEFNIEVRYWGWZIL,3
AVLUVNPBVZVPYMFS,2
SSMWTNFRHAXKYPHL,3
NKCSAIXYIMZLXILT,2
KHLEICORYQXDHCIT,0
CFFAUTWESGITYWGG,2
SUJWCIDWVQAREIFY,3
PUGPDXBHMDWRBVPE,3
UDAUUJBXEOBPVPRX,3
JRJOAQKBVSBFVZHC,3
AZKCBGZOJANCTCJE,3
VLSWKLBNPFNKHZTY,3
RFBOITBJCTECOETH,2
SFFFJSUWBGZABGZL,2
IRPLTTSVSYXLGSSZ,3
IGWNVJMOWZQNLENJ,3
ENPXKKXRCDZOKMZY,3
ECXRTVMRJRVRFCTE,3
XLZTGDYCVWCDODQL,2
JUPHLNHLMGFGGUFA,0
ORVQVNBAHRUJJJTI,2
ZNHRDOLAITIWTHPY,3
ZCQSTBLKGZNJISJS,1
NDMPPGYMMYYOEUEY,3
ETLJKUIIMGIBXQTS,2
SDKNOYCGJHEMGZRE,3
FCBRBJHTBQHZNEZZ,3
MZELOKBAUVTEAHGS,2
GWAIPDJLHRYWKZTL,2
TJEZYMCRIIAFHFYA,2
UNIJUTONCQPPXHMI,3
UGSRIQAPZRVHTRNX,1
BLBDXEGJBHSGHZAK,1
ZKSYCHACYOWSDLJW,1
ZSVVJOSKVCYOOHOA,2
PHMQNRBJXLOAHRPE,3
KBMVVPIUGITJFJVG,1
AZSECYPQMCWBKWFD,2
GSDIHZESTVPNYRVX,0
HLRFYKHIYWCHZNOJ,2
FCTRPWFYHZALZIXI,1
UBODZGZQUCORUJTX,1
BGDZLOGQNVJZNRIB,3
PIHLKIVMJOKKYAHL,2
AIWWJXXNTAFSYCKV,2
DTOYQILYFMYLSAOJ,3
QNXDLJRFVJEDACBN,3
YXEQYTXWCHQBSJOY,0
AIYJHIGHDJYNAWZS,2
IRAHOEOKCJMCUNTU,2
JUTRNRGTBIMGZZWW,1
GSTMLZHWKISYGFQS,3
AFVXSXVUYIIZQHWG,3
UWYJTDMEQEKLYMWA,0
LYKDTIMLPQZLHCNV,0
VVFPPEGKNGIPOXUC,3
GCUMVVEQSATWDSTU,2
AUSDJQUYXFBOXIJC,2
BWIKOSHQIUKNQGRZ,1
QFPGIQOJIZMEWNVX,1
UOQAQKRGXDRPRCIS,3
ILMGJQNEZQRUVOFO,3
LRLDTUXHJOTEBAKI,2
SSXSDUJNQWHCRNYS,2
HTPDCHCIFBTIJMTF,2
DMPNPTLSNRZTUEXI,3
ZDTIXGSVFOFHRJWB,1
ZJWYRYXUHCVABLPH,3
CSQVGTHLETTBFBUN,3
INORDELKGRSLEGQO,2
DQSIZIZXROSACNWA,1
UQBQKCAXEJVBMGZI,1
WUWAMWZOPPMMMTBM,2
HHGSUQTWQVYWRWHF,3
DHHBTDPZJDLVKOQL,2
TPGOLWASUPCZHMSU,3
JAASAGUJEVTWCDAG,2
RMHDQPXSDSZLQEMG,3
PHCUHJOSXZZRYODD,3
BOZKWYSTYRMCLPVU,2
DVAHKUEUDCQXMXRZ,1
HSEWYVBJYWDOVUHD,0
RJUQPJXSMLALETLI,3
EAXNTHCFMLWTZTME,3
KFHIXKXZXUHYRXDI,3
YIFMNALGSVDOCYWK,3
UCSEHEUFXSQKBWGE,2
TBNFRRDCECQGTBQG,0
QUFBQGLTXZTPOZNV,2
YFGSACYQJVNXXIOT,3
OXYMHWAMEUNOKMFD,3
HEEKNYEUUCYQVIQS,3
LVUIDTHHHDYCNVMN,3
VQTFCNJHTTKZXHOO,0
GZGCLGEWWSHHOVIV,0
FMDHLBJHRBCKMRQX,0
BLUZSIPHOADJSWTU,3
KDCXFKHZRMAGSTFN,3
NUEKUKBGEWATLYHG,2
CEBBUZGRBSIGLKMQ,1
TXOZCJDAANIENPNV,1
GETCJAPDMQLDCJYW,2
WNRHAPMFHLYNEDGU,3
ISSZJNDKHKDJDDYS,1
SEPRFHZTHNAJTFFE,1
KBNHDRDLHXKTHXTQ,3
CJEBYKNDWJUQLFTB,2
XLJJPYLZSJNGLGHB,0
PFFHGOUCFFPIUFHL,0
NFYNAFOEFFSCFDPZ,1
RUKZLXCLXNTJKIPJ,2
QIEJRMOHEAXXXZSV,2
ROMTOWMNDOBAYRZN,1
WUNSPREDDAWNBPGI,0
MFDXRNMWKQIZMAKW,3
EXZEPTGXJUTPFGNU,2
NJTEUVIAJROMCGKN,1
MVZVQGMNYXKGDQXJ,2
IMBDWYAOKBRKNRQO,1
SWNNQSXSHNGJKGHQ,1
IOWIWQBYUUIABLSU,3
ZOMWSXKURLXZYJMZ,2
NBYTULZCUTTEZYEB,2
ZOKOKVTHYYTLYRAQ,2
QRYOISLORRSYQMVS,0
PIHXQNCLRQGKOTVW,2
LRLGXTKQXFFBORPZ,2
MMBLELABOTFVWVQL,3
REJUWMGDCAYPAWBL,2
TSYNQOMSMODPPKEC,1
QPJKEYQERFJGXIRW,3
DVRIQIQODUXMGCCG,3
XOMBDFUPFLYAKODM,3
LKNBQAZEKGCPZOSO,0
NWEAPJDLMJUAQCEH,1
GSFJCVWOBWWYIBVH,1
DINDLRLRFESOSMZV,2
NZPDGEPBJKIKWZVD,0
YRVRUHTRIQORSOYR,0
WVCENPINLGYHOYEL,3
SUAVVIIDDOANQJHV,2
OUTCYUKXMUCACZQZ,2
HZEMYREELQOZTPMO,3
ZPADKZVGQDNINRZY,3
DVYXWXATMUEENUZW,3
SRKNHPYUJBOQACVD,0
DJCDLMLPTCYGYUJH,2
JAPOCEEFOPSBXHTQ,0
MTQMHBWABPQTFRRN,3
OFAMLJMNGBBLSETJ,2
IUEXCPLQWMDCCFXG,2
HNNULOYDDWDATGDE,2
CDVAIBMQVRTNIUKP,3
UZOGZVHGDEHSCYCY,2
VKYZJARIWZHIBIHR,3
JTXTCBUHTYYGVVWO,1
GVGOHACZGAUFMHDX,2
LHCIOJCXGKMIDQNE,3
MNCLVAPKEFGKPRJT,3
OTWZIZGXSBIJCPJC,3
EZQLZYVJUQWLJOWK,3
MSOLMTAYVUTPAIIK,0
DYOMLHCLTGRYLSOQ,1
CGHHVRLNSPFZANDU,3
SLLLUJAMJXEQSAAQ,1
TITCLMGRMZOIBGSW,1
FNVTOAZDFOBLVQMZ,2
ETICIZYZMBVJOURQ,0
IUTKRPILIKWLQPJK,3
HOVQXQMDKSAWWQXX,0
WTGTIBRGDOFPELGV,1
GEXNOZYVBXBNTKJU,2
KQJBJTDLBKQRWSHR,1
NNZOTJANAVWPBAEP,1
CVCRMKKPQMCOXKCB,0
VHXCCZBIDUHOWGXI,3
PNYHHEOIZFIIKMJU,3
HPVGPPLNELNPYSZK,2
NAHKDFZFQIMWNWUE,3
VGHKISSXTDVAYESW,2
ZPSKDALKHPYOGDOJ,0
BNPOHZSXKDAVOLPZ,1
RYBWHPENXZNTOEDZ,2
KMDDRSNOUOUGJFQI,1
DHSMIGHGCGGFXNMY,3
TMHIMQACJMWLZPAC,3
SQRKBBNTRJDIFEPK,3
YDUKDFERJATJEZUU,1
FIDTYCUEDENLENBN,3
NOIPNSGAZHBVJRDX,1
DIIAUXEZSVCTFSUM,3
KBWKZHAJLWPBBRPB,3
BEUTHEHIAWEUOXXS,0
GJUYQESOIDQJPKHJ,2
XWBTZCSNNMRPDGFN,1
DNKBCYSVDBHWTRNQ,3
HWZFFOWFWKCVVYYE,3
SILRCEDJVKVWTUOT,2
URSZINXTHIAZJWGO,3
XFRTBXDDBSBLWMDO,1
PYEAKMXTZHAIJTCH,0
FMEWSKDVABWAPLLT,1
BYMGHSHDBSLRXGNQ,3
CZFSQIZHBHZTCLYG,0
VUFTQTMPQJNOEUGG,1
UVKITEAKSUTJGTFS,0
IDRMZUFVIOMGDZIG,1
DSYESSSEGTDTOHOZ,0
IPUYQOWMAZCVEVEL,2
ZHCSWHHPBWDPNSPL,2
HQOQAGIIMRYEVKQH,3
RZQKBTXYWOSPVPMA,2
QWBQFTFUFNGEDCYH,1
ZXGKCSNIHNHDPYNR,3
QIHNTSMADTZCCABB,2
XAVJMHIVSOPNAHZQ,1
RJVJAITFAPQZUBKV,0
XZDRQQWFWGRCRIEP,3
EPSXANTKNCZCTOXP,2
UMUXIKZXIRQFDRSR,3
MPIKMBIYTQDSXDKU,3
ZUSUZBOVPEBQNWTJ,1
HNNPPDNTBMPQVZRL,1
BYWIJMEQEGXLEQIW,3
NQGEEWLGZBEVVSOP,3
KOYMCKRKZGNLALSK,2
GNEXPZQFIPSTMQCA,2
SXPQPGUWCOGSVJHN,3
RNBOKFREBUURJRBD,1
ZSFWGUHIUCRMXWXH,0
XSVYRSQMHJNSEAML,2
YQZJASKBVJJXJYTA,3
BIVZNPVHJWOOAIAA,3
QJEKRDFWXWYUREVQ,2
WYQCKXXZOEUXLODJ,2
KUBOMJGBNUVJPZMY,3
KUJFZFEGHQFWDPBD,1
CVKUOMLBMOXHRGZH,2
UIKSGJPXJCSSUHMM,3
ASGXTAPESWNXRMRN,0
KXZSTRRBIEGBMIHX,1
VOJWOORJWJNMFCMF,3
ADKXJQCDKZPUZEUV,3
LPWPPYIJAHSWYBVZ,2
BJJVYHKHOCRDWILL,3
SKIHAPLYQZFTDLIS,0
DWHCLDHIZTSTIFWL,0
KTYRBCBINVMPEZSJ,0
AQAJUADRXVBCYUGH,3
QRMPLJKRAINAKROD,3
PSECYOGXTXXERLNX,3
TCAEFSPIXAZETBWU,0
AFPCXEJTYFDOHTMJ,1
ILCRXWXLNAEAJBZY,2
ZMTQEVRLVGFOWTKC,1
BXGFGRHWCRWCSEKX,0
VHQWQNAXCOORXLJG,2
PHVOURFFMBTYEBNG,3
NHHZAOPFQSDUIKCV,1
XWTAUCYMNVPINMEN,2
OCFAQBMCPLLSDZYJ,0
CLYRULKXNNEDEONZ,1
LROSWSMEEGKMLGBM,1
ZSCWRWVGBVXOHFJS,1
KBZQPCNPKPGZBNZT,1
PQEWPQLJRYYPLCBX,1
HHDMQXOXXEVNDLEL,1
SPDCPZMRFXGEELNQ,0
PIIFXVHVMVDEZKUF,2
LZLCMZOWLYYKBMEB,3
VQADNDTJEPDATIHM,2
FNGXYYCQNUWHJMNK,0
VKVQVKWBCBWCHQCS,2
SVTRGOKAAYAOOOHV,0
XBSTNJGWLPYUYEKZ,3
ZHJTSHXJNGWIKUDD,1
NDFCRVDIZBGKDSWB,0
ALXZZQKSSNHTVVKN,0
WDRDTIFUJEYYVMEH,2
SMBXFBYHEXWYLBOM,2
SEIAXMLHWFWJXVWD,3
OFMLXPEDMCXUYAOK,1
DNMOEFYAVKPMMXMS,0
WAPDRYVDEJLYSQXJ,3
FKJSSOAXWUJQOAVT,1
VTOPVDJRIASZIRCQ,3
SNPWJWURFSLLFTTE,1
WKXIGPTYANBGYGLP,2
TGSMNSAPEDCXYWPD,0
EPTLBNLAUYSWDZZZ,1
HGWYUIVVIBJDQITI,0
WIDUHANSEWHHPDUB,1
OJLRQSIEMIKFVKSI,1
WPKTMRMVXYJQGDOE,2
ASOVHNGMDMLMOPGN,2
RALHFYBDVAEHHDOB,2
VGQTZOFVAHOPFDTI,2
GQCVSRXLLNVTVUDF,3
KHGROIZBZBGKETCD,0
RQXRDKIJYPEHXKTE,0
OBKQRBCCGGBGFCAM,3
BPTFBPWVTMCDAMBY,0
MPELKNKSXKZHVVDP,2
WYAGTNYCXHKWFLCD,1
RABIYDUDNEUJZRNV,2
CBGCRJWGERLGRPQD,2
NLYALODFRLASAFCP,1
NTULFBFCQFEKYHIV,2
NNEOEVBBDUZURCCA,3
PBXNXBJIGBAUUJMR,2
OOZHSKMVQSVAPAZQ,2
JAJRILOYHJQQIKDK,2
PLEQBJMIGGXWBKFK,3
YBPMQQKVRELCCUTD,0
RHCHBRQWAPWPSEBW,1
SKBKBBSAIMNEKZQG,2
OHGQUSOMEMXXUFPZ,2
XALYHWATBDZADIWU,2
WGQVTOLBZICBHTXZ,3
PNAWFGFUXZAFWRGV,3
NEUFRZRVSXGJBLZK,2
RYBUKWYQLDFWFNZV,3
DEGLODYAZVMXUTXZ,2
FRDAFBNQDMZRAFTF,3
TBZVJLJMOGNAIJME,1
LGAEYYQKELULXFQI,0
EBSXNMXNTPHMIHXD,3
QYBAMRPJOBVFKKMX,1
GNZBAQWXOVBZKIQI,0
MPRQDXRDNCPXWYGY,1
FFKVIOEZTEJAERTJ,2
GXTIBNUJHZULBEQN,3
JRILGICOIIUGXLZK,0
PCDMGTOQUWAZCRAE,3
GKQEFFOGSUCLRGBS,0
YIOOTEVYONOTJBRR,0
SDSYZUAGOWQIKFFI,2
QMVLCBXRKDPQOZDK,0
ZZDENTHHPVUKGPYT,1
HGTITBMFMOTTNVXH,0
BPZDWODYTUPITRYM,1
GCRUGUAUJMZQMXGE,3
HKOBDUJLHFNIEROL,0
SRPOSHVOBMHDXVRY,1
WZQKDYPNSVQZHFQH,3
URYZPAFSDGVPWIJY,0
VQCALPSHTEBIHTQA,2
VTRTUOQDYJCTXZHT,3
MKTCERHZXMNECDBA,3
XLWFEPIPKYJRFHDA,2
NVMKJHWTPMGLLLYR,1
KENAYFFKJLNFQHEE,3
WPXJQHALOUVOSWYG,3
CRNDCOZLIAIYLFVS,3
NBEQZJPHJWIHMJHP,3
CSGAGMUYSRESHVKE,1
MTNWHVBLTUEEHUQG,2
TMVGFZUHBAIWJEOD,3
ZLRWHZXDYXFMIPTU,3
ZTHGMHGEQWOFDUMK,2
UNERWANOVGKUJIDJ,1
SXXQMVBJGRJKETYA,2
LJGJWYZPJDHGCCED,0
HIEVIUSIYVPFNDNX,1
QNPHBROWJLLXCAXN,0
ACYKUQGKBLQDGODO,3
TKECGOEGFOIPEIGA,2
BMWYTBKWEZEXHAPB,1
RKBUTDKOZWYSXYLH,2
IVOVKOLKOCGVMKVV,2
TDJCSLEYACWGRZUB,3
MQUOMDGIYEFGOTLJ,1
RTYBNQNOWBSVDAXE,0
YWADPPSOVOZCWYPQ,3
NUFYPRSXUVPRGGVY,2
GTKGPGYURWBSCQKJ,3
JYJMJQSIJIBXCOIH,0
ALPCQCCPIWEGIXPP,0
CKDYGZEEXSPVUKGB,0
GBBETQRZJSFSDTBZ,0
OFAYGLIVAJWATFUW,0
FVNDXJBOUJHQXDDW,2
TTXDBLOMVKOVNJZO,2
NNSTSWDVIVQMFARY,1
BFXCYDAAVUAPYEVV,1
HBPGQYOOZYBJELHM,2
XCXULNOBPYRCATPD,0
RWZPYCTIXKHPDRBN,1
EKRUOJLYLSVHYEOY,1
IQHRAPRLBEGBSOQB,2
WDOCXXNUXCURERPE,0
ZXGERJDZTEUDZRKK,2
TSBPSNKCQTOBPBCY,2
OKQIJQFWMCVKZCZA,0
TKCUGWTORKSVSFYC,2
ZLCUEKVDMOZGCZQL,3
SIMPODOOZQBSMZPC,2
NJUSNLSUMICCJKJL,2
CCVAOCQAVZOAHGEA,3
HVWMONDVVDTDGAKP,2
BHLDCOENOXTCWFKG,1
UXHDGBWHBIJMWFJA,2
YERDIPUIJVMHFKAW,3
TNQSVHFYAXBIKXFG,3
UNVMJLLSAJHPPSZO,3
FJMJWBHUOUWUHYPU,2
SRZWPKANRZCQJKVG,1
QUQCFMCZMASOHTGA,0
AAGJDMZZVOPNXULT,3
VDZARWAGSSPXTUFM,1
WOSWAGFLRFQVTZOS,2
UJCOMQCJXQBIJOJA,2
DASVLCMMNCBLACRU,1
NCAWPJKJCACQQRIY,1
DKUICGNCBYCWUTDX,2
RVYESMZVIPMTHYNW,0
XZWJKRMOHWKBNKCY,2
AVFJNZUDPOWOMNQN,3
HOCNUVQGSSOSPXBD,2
SFCWSMPOAEOSXWHM,3
JFFGCRDOZFGLLXUA,0
ANUNKOLYYQUZROPG,3
CWVQTMNEGNSWJEZV,1
ZSQEKLJZTNQLVNXB,2
EYNQBOXECYEMBMHS,1
PCHKXDUYIIAGTSRB,2
ZKMYWAUNWHQSOZOH,2
EIWHXYJSBIAWIONN,1
BRBKXEFIATMDHXLD,1
QIKNJNWEZSHFVAWV,2
NFBYVIZYGWZTGXZE,1
GAMGCFWHTISMCBBG,1
YDNJITCIBNWIVIHB,0
ZJEUTNEHBIFFYNTZ,1
IGKMGJVJROKJONQR,2
DWMXRVITEIGIWJOR,2
VGADARRUMDUSFLXZ,1
GIRYBWPZGIDYVWBK,0
YYNGJBRAYQFRPXIP,1
PEKCRBIGLWMDSKDU,0
TXUOJVRHCEDMTZXY,0
ITWMYGEJGGEYYJOJ,1
HTSXBBRNLVBJCJPJ,1
UXZWRZERNVHVWTMN,0
PQTULEDQAZDEZAFR,0
LLYBFXWDFVIRBMGO,2
KISMUMQXGDUFQFNB,3
NMUOWOHMYPMOODEJ,0
FBJLJDBQCMJVMKQC,2
HABAMRORQYGWGDKB,3
GUOIIWOYLFVTOYET,2
XZTUDTYOBAQJGKZH,2
IZVLBBWKBIEZFXJW,1
XOWNZGFZFVVSGNYH,3
BGQYGWOPCZYVAJEO,1
QQPOFIQIPDLUYNBO,2
VLYCTMTQAVFFBIEE,3
INOJOOVPCIWRKUOC,0
OTUBQEWDPJWICQWQ,2
NUCZAYIPSYLBMWJZ,3
SBCWKUXRBQCEKUWM,3
ODYUOIHAGRXSGVPA,1
ICNUKQKZWTQOHOCZ,0
AQOTBSOOWLNCKDRY,2
QETADLCHSYQIGTME,1
MTEZKNJEVFCPOHVR,1
UECFQANDXSCOKIPV,0
FYMEEKTAMHWHYSLO,3
YTCWAXIIREJSAELY,1
IEQTMRPENINOXENR,1
CPITBCBDVOBQYRLF,2
MHKLZPLUGZDACRMV,2
EYCEYHJIMYASYFGI,1
DSPUPIKHLHYHHXSP,2
NJLJTHPVOUJWHEHO,0
TDHNNQVQOKYMEFVC,0
FTVTTQQOLEXJAMMP,1
CXIFFFQDRHPRTQFD,1
SJOGWNMOOEBKYZGL,0
GRYJSBLNVFWBQDBM,3
VITWQRNKVQOVOOQW,1
KRTZDJDWGGELCWRE,0
GKGLIYRVVIUMXBGC,2
DEWWHCULXKUZKWOS,0
CXZMTPZXFLCHUQRP,3
QUWEAQJIAZCOTLVU,0
DBAVENBOUVDKKZXE,1
JFNFQHUXKQNSMDFO,1
QTEUPQXQQAVTOMUJ,1
KAMRJMWESOLIAAKF,3
FPDSHYBQRPAHITFQ,0
QMPIHJIXWHDBSPSJ,3
AMZLZAPBTVPGKKUJ,1
IGBBZSDNZUEYMZNW,0
PZUPTQIIDRNDVRHA,1
YXDRYSMECHGZKXYM,1
TRLPKAZJWUZRQXBQ,1
DIFRFRUTOZRSILJA,0
ODVKYVPRBYCVWSXE,0
QVCYGENKIZESDCII,1
FEIYDOQRMJODALYW,1
UFNVTKGLQAZRHMPQ,1
TZOERVLPCGGKMYIX,0
PPOIOLPOBSHEWKMN,2
RGHVCERKYYPFFXHL,1
MHVEPXPWDYCHDNVL,1
XSLZJEUPFJBFWNWH,3
DFONGPAFIHTSQMKT,3
YRFQFBXCJNIIHXHD,0
ITYJVPIQGDCXYHZH,0
NTHWWVKUVODTTOVC,1
RAZPRVHMEFUNEYCT,0
FYZWUSGSCCWODOFQ,2
CMELHMGNGRGDPZXB,1
DLLYYKUOILIFNCCM,2
CQGFXUSLQYCXQKIO,0
DBAZGDQPMOJDOYCK,1
ETKLNSMZHXTYFYYL,3
XEOTEYRPQSHPXBRU,1
PXUAADHKTVUGKUXW,1
WLMKGTPNONYSOHZF,2
VXYDOYVGDIFHBPIQ,2
MKOXLKXUPWIDZOIY,3
XBHGSHQZVXTJBXAO,1
WBNGJVAMEZHOSHJZ,1
JGNGPFBIKFUSTRTV,1
ORWJLIMPJZDSTUTP,0
FNNVETWHIZCYNXAY,0
IVLEIDWHSTVOHHVN,0
LFYPSZYLPDLBDZER,1
GDIIQUJKWADQVRFT,2
UQDPLMUIBGTEBWWM,3
WLVUJLGCBJKSJHQK,0
XTFNYWUMEVRKPJOJ,1
LWTYVNJVJNYBWMKJ,0
WDCVSJAQXWGIKDSP,0
ZJHDBVWPKTGPNXHM,0
TBUJXAIXOJIDSHQB,2
LLZJBAHBRWFOKQOY,1
OVHUBJXSAMQPPIII,3
CXVRMRZRERGZOXFZ,0
QPGUHKHYALQRJOPV,0
RVDYJKPSEMBQSOYA,3
XWZNVEFEXDGGVXHC,3
FMWOXSVPATQKCFBI,1
KYSYXOPOODINVZNS,2
UZGTSBWIHEUHYMKZ,2
TXYQNRRQSXQRBRYH,1
EOPYXGJRHHJSKDHX,1
HEZTMHFDULYOAWIG,0
WFQMKGWGDSLKDIKU,3
ZCNWWVLZENAWNJPP,2
IQGVZXSSFCYMWPTV,0
YXAXFJXDKMXFZFLH,2
PEVSSRCTOAHXBDPM,2
DEHOZQYNNJCSUIRC,1
JBPGBVYTFKFLDFVR,0
ENWEFXNGYXCRDRXU,1
ZJBNZBIOQBZNUCCA,2
TTKXSMXABTZSJDAM,0
UJZCJZZSRPMDZTHZ,0
EOMPSMUUVZOIHVWD,0
XAUOIAASMHUGCYZW,2
CZLNEVTHHJIRIRNS,0
SMLSJHGSEBAKRQNW,0
LCDIBBNJNSJLVMGX,0
TFXTFPDYWKEVSVAT,3
NXKXEALJSCGAPHQT,1
EAREKDTBZZDOHOSX,1
FNRSAXELYOZQALXC,2
KKNXVEOTDGWSTZCI,3
GGVCETBQGCWWOVGL,3
FWIUADVDKAPUICXR,1
SAUHHGQQPCAPLFAC,2
KHMGIBRFUVLZVCWF,1
OSGGNFOFUMPFTKCR,0
LETRXKJMXUYMBAKY,3
TBEEMEFEPRNGJNEP,3
XBAILNNIXDTDERSA,3
IUUEUUFQFVDGKBPA,0
AFWQPHCWRCELWRYT,2
AERYFDKVQNSCVTYM,2
MZQWGLFDNSPLWYOT,1
QVNNPURHVUVLQFLM,3
KJOQDEBALPVVHHMF,2
WPEBZCEVSUOXDJOD,0
XBWNAHNKTAAKNPXD,2
YNJKSKWEVJVTBMUO,2
LZOXOCXZVUBIYYNL,1
OCKARIYFKOMTRJLG,1
VWEPADYFDPQTSKNY,1
TUBQMNEUCIWBHUHX,1
LOGEZTZFZZNRYNWO,0
PURAASDJHSESARJA,3
EOQHKFVPQOPBQSXR,0
JTDUBFXUUBNCXRWA,1
IKPQOVJLMQCTQFZX,3
BUTHMSGAJQUGMIYJ,2
QJNDBISVASDHIMES,3
QZOWUWZXIXYMCNDD,0
DWRBWPASSEIEADTS,2
ELGPRXXVDZFBHYYJ,3
WTVXRUONYUZFMOIY,2
XFVWJRKPOISZYZMU,1
TKBKACSALXKYLKGY,2
JGAFFWTUNSRJVYFX,1
OHOCSCWFGPUPMCTE,2
INYNANBMYEJAFBEB,0
BEEGSIPJIKLGUQHY,3
ZOGYUOTOFBGGAGPY,0
UQSEOJLJZYBOFNYR,0
GUUNXKJIUGUXBPGC,1
RSKRRHFLACDVINFJ,0
BRUCNARWBTKVVYKH,0
STNDTWVUIKPETZGJ,0
PCLUKBKNGOLLWKYG,2
PAFHMVQCEDMMEBDH,3
KOXHZOFQHMTGVMPW,0
KWSBDFPTUKRBPGPP,0
RRYWAYYVJMOBRRFX,0
KDILPJADCQETPRAY,3
KYQWNOHEYINUHIJM,1
VVFOUBWAYULIWSLK,0
RTZKUGPWFQRCJNNU,2
XFXCEMZJINFSIXSY,0
XFNZAXKMRIAVXHKH,2
OHKXKVNKCBGZVFYT,0
SFSXVKTBMDUZXIEE,1
SNRZNRVHIILQOGCO,2
MKHIVUJTXDYKQYUJ,3
CSHULQLUHCCTGAGI,0
HBPPFDKQSMEFFEHL,2
UYQVMRSLCIUQKSMR,1
XXHQJISVXSWWCURH,2
OMGHBSWQKREGHRLF,2
DCTUKNKYLJGBGHBD,0
GFQXJZTDILOPGWHY,0
NCHUPGOAWCXRUCLP,1
WKZYHFJGEIYJYCIQ,2
IFAPDDKRLOATSUPX,1
YEYQIPVONXVKSNFI,0
SPYLVLDHSCLQHDKI,1
LYRPMMODAIVOMDQI,0
FJWUKBIKLVVUBISU,3
ULORVNCPATQZTVEK,0
RTIMGFOALAMLLWEP,1
UFSBUWNXEQYBDBJB,2
AJWYUEUCXTIDBDCE,2
GXRNITSVSNELOZCJ,3
WNWBMPEAEJDZHYLX,1
PVWIEWHKHGLLZQTR,2
GEYUCLPQQLSEBXMH,1
CADASPMUSJMOKRAL,0
SENREPIRIQWGBUCN,0
FCJQWPQMVAYQPGSZ,1
JUXMRVTMMRLSZQNW,2
NNVRXAKVAYYTKECL,1
AYZAPQIXXQCMPITW,3
CHGZMIYIGMDEPOAX,2
HDSFAAIZNXOTYCQX,0
CHISWFATHQHNZBXV,1
VBVJLMOYHGGPKDEI,2
LHCMUQVFFZNIPEJN,2
PHAIKYZVGPKLUUMC,0
NJSEVPAEMCDPBUER,0
EZGLEBGUMBGHXCDT,1
DMOFKFDYSBBBCBKC,2
UUMJESUGTCZWXYQS,1
XEZTAGVCBOVAVFAD,0
LVCETBWKCCYPBDDT,0
IXRHRDAFGEZLKEUF,0
EMPIUCHLMBGOFKVR,3
GGVDZYBUIZFQHXSH,2
QINUJXYUMCGEZWRT,1
STSQFPWZBQUQNHMH,1
ULERJJGLHHTUARFO,2
BCHILXQCIMBRNWNR,0
IQAZEKINVLUNAVOA,2
OFANMXVUYVLQJMQB,1
GCHKWCUBJVEVZDHV,1
DXJWEITFISVCBYGD,0
GXEARIEQASVQUSCI,2
MFLPJSJOXIORLOFD,0
UQZNZHANBHWLZGAS,2
YCJMZUYHYOHUNQPN,0
MOSODQHFEFDBGUTS,0
CEIQQMMBAPKEIMZW,1
NVXTNXTEYSUHERYW,1
ATOZSTJDWDESYZJN,0
YHTQWFASCIAJKKOK,2
AJXRVCNGFFWXICGW,3
WVNXEDPPQRUNBWMJ,0
TYZMHDZPFTAWADHI,2
JQMIBEJXQTLXRACW,0
HGVTWZRSTAYJGVBJ,0
PMCLRIMPWYBWUBGJ,0
YIOVEPBZPJJGCJVV,0
FOZXALDASBKGQCJE,1
GUETPMCOMLFOXOPP,0
BXOSVWJQZPGSVMDS,0
ZMVEAWEXHWXJCOAJ,3
CEIEKBXTNTYXUVFS,0
NAJSWZDJNKPOGNUZ,1
HQXGXGRJKVSNTLUB,1
FZRAQUOLNXTUVJRH,1
CNCARISLCJJNJXPT,0
YMGRVWHLDRBVVWTQ,3
GBRWOJUJCWRDLOVO,1
VXDTYAABEIAHPTPU,1
RRJARZCIXDLCIRNI,3
MAQHCSDOVVYHXDGW,3
JAEUKNODHHPSEGIW,1
DEAKMFIBWIJIPIXO,3
LTGVBDCHEASKTSCT,0
XDHRMYYPHFQBIGZI,1
ABKGPEYUNRVTQWUS,3
CYGZKPUCWPJZHSZM,1
LUQBFLFKKXKUNXZO,2
FXRIWPSUGZVQZOJY,1
HEMJXMPHKNMFXDFA,1
DSZUOZLBLGNJCFYU,0
CLRBXKOCVVJRRWBJ,1
RJTHISVCLICEKAWF,0
TWFZQFCOSAOMPPZR,0
BNWWNKJFYKTZNAGJ,0
XUVIZWVLUEPPLILY,0
RLCTKNVSSADXZZUR,3
ZWVGQJVLLXDUXDMQ,1
URCMQLGEVLSOSJER,0
OJMFNOGOJZZSNAMU,0
JYNVLGEITZLMCOUH,0
NJPMZMOHLHAJMPNE,0
VHZATLNHYUUJBKHR,3
FDXRXBFGIXIIUGGE,3
DALWUONEMNJSPUIM,3
QUNSJTMJXKUIGQLL,0
DNGOACKXELASKDJB,0
DMXCDAKFJJVDOSQZ,1
IEPPNXWOIPYLBBCE,2
UIZNMOXAQPGMVPFK,0
UVYMVMQXKETCEUKF,1
RFFAOXPQAMGKMOFN,0
XMKGZCHMMMTPSXPN,0
BDBCWEFGVNXBDMWJ,0
WOROTOCKYCIDYEVT,0
GVVIWXVKWPGIYNQO,0
HUORVXQKZFNMHGMT,1
MLBZXNBGVQYOEUDR,1
GQBGYCLYFTIFSCLR,0
EXXRIVDTBZZSEGWP,0
YZKEWFWNWRDVFCSK,0
YKZUXGODNANSSGLT,0
NSNKELWVPTYNSAVA,2
RHRHCDVRKONPCAOD,1
AFMQWUFAMZRRFZMF,2
MFAMGOTNSMRMNVVE,0
NKNOLYNQRKVIMJGC,0
PMRIBDIRBDYPMFVE,1
DRORYBFRCQBTNKHY,1
ZKUIWHQYOQLYURUK,0
FWYLHQASTKGCYXAN,0
JFXMBBOQQTDONNAN,1
MVZQYGWJKEBDEDCT,1
MZSJTOTRDTYQVRCZ,2
HHVKCSMUAKRHJRAT,0
IXJZBZCRRXANCIGR,2
EGSAHJOBBKOWFWII,1
JNSZBGTIEPQOJMBF,0
BZLOPZCQBZSCTTYV,0
UXSLOLKJYJDCMSPD,1
IAPQIUWISFMDUCFB,0
DFJAADAYUBEJVGSZ,0
QZGEEURUVHVXBJYT,0
NAWJRQWJKQPARCDR,0
HFGIOSWGOUPIIWOT,1
ESYRTNFWNQHMIZJX,0
IUHAHTEYVZWMZSGG,0
