og,oo,cg,co
RCEYUFKXNJUSOSPK,DJZIVKYCOVGQDKSX,ZLDAWRVZTXFEIICL,LMJOGNWFSSRKKGSQ
KWNHSRDAWRXHIZHB,OPARHBZRQZHQOZLZ,PJVDXCYBIAAQBSJU,ORVQVNBAHRUJJJTI
SEIKUIDWQNHCGCAF,ZRGFFCQJGCNLLGYX,AVLUVNPBVZVPYMFS,ENPXKKXRCDZOKMZY
WWYGHKJDTIDVOFBU,MMXHUMYHZFJXYSHV,GBILUBTUCLLPQRUN,BLBDXEGJBHSGHZAK
WTGKONEBMRMLVWFT,PUGPDXBHMDWRBVPE,ECXRTVMRJRVRFCTE,CSQVGTHLETTBFBUN
JIRLMENYIRKUKHBZ,CFFAUTWESGITYWGG,SDKNOYCGJHEMGZRE,BGDZLOGQNVJZNRIB
XZPMCYOIUSEICCCF,NKCSAIXYIMZLXILT,ZSVVJOSKVCYOOHOA,DVAHKUEUDCQXMXRZ
JCGBMMJDGCRDNEZD,NROVXCXUVDFCKXZG,AZSECYPQMCWBKWFD,LYKDTIMLPQZLHCNV
VALKXDDSWUGIZVAB,KHLEICORYQXDHCIT,IRPLTTSVSYXLGSSZ,DTOYQILYFMYLSAOJ
KZQREOJMAWUHKZMM,XLZTGDYCVWCDODQL,JUTRNRGTBIMGZZWW,PIHXQNCLRQGKOTVW
SSMWTNFRHAXKYPHL,UGSRIQAPZRVHTRNX,IRAHOEOKCJMCUNTU,MMBLELABOTFVWVQL
SUJWCIDWVQAREIFY,MZELOKBAUVTEAHGS,GSTMLZHWKISYGFQS,DVYXWXATMUEENUZW
DXCORPJGOVNUZOWZ,JUPHLNHLMGFGGUFA,AIYJHIGHDJYNAWZS,MVZVQGMNYXKGDQXJ
UDAUUJBXEOBPVPRX,FCBRBJHTBQHZNEZZ,VVFPPEGKNGIPOXUC,GSFJCVWOBWWYIBVH
AYJXWOHEKXKOOCGA,AZKCBGZOJANCTCJE,HTPDCHCIFBTIJMTF,TSYNQOMSMODPPKEC
CNEFNIEVRYWGWZIL,GWAIPDJLHRYWKZTL,SSXSDUJNQWHCRNYS,KBNHDRDLHXKTHXTQ
EBDINFRIJFJMXADQ,IGWNVJMOWZQNLENJ,RMHDQPXSDSZLQEMG,YIFMNALGSVDOCYWK
KNZUXYNPYNWQNAME,ZKSYCHACYOWSDLJW,GCUMVVEQSATWDSTU,QIEJRMOHEAXXXZSV
HLRFYKHIYWCHZNOJ,ZJWYRYXUHCVABLPH,LRLGXTKQXFFBORPZ,WTGTIBRGDOFPELGV
PHMQNRBJXLOAHRPE,BWIKOSHQIUKNQGRZ,NFYNAFOEFFSCFDPZ,DIIAUXEZSVCTFSUM
ETLJKUIIMGIBXQTS,PHCUHJOSXZZRYODD,QPJKEYQERFJGXIRW,HOVQXQMDKSAWWQXX
UNIJUTONCQPPXHMI,EAXNTHCFMLWTZTME,SUAVVIIDDOANQJHV,BYMGHSHDBSLRXGNQ
KBMVVPIUGITJFJVG,UWYJTDMEQEKLYMWA,TBNFRRDCECQGTBQG,HQOQAGIIMRYEVKQH
NDMPPGYMMYYOEUEY,UBODZGZQUCORUJTX,CDVAIBMQVRTNIUKP,FNVTOAZDFOBLVQMZ
TJEZYMCRIIAFHFYA,QFPGIQOJIZMEWNVX,DINDLRLRFESOSMZV,NNZOTJANAVWPBAEP
VLSWKLBNPFNKHZTY,QNXDLJRFVJEDACBN,HNNULOYDDWDATGDE,DYOMLHCLTGRYLSOQ
JRJOAQKBVSBFVZHC,FCTRPWFYHZALZIXI,WUNSPREDDAWNBPGI,VGHKISSXTDVAYESW
ZCQSTBLKGZNJISJS,AFVXSXVUYIIZQHWG,GETCJAPDMQLDCJYW,LHCIOJCXGKMIDQNE
GSDIHZESTVPNYRVX,AIWWJXXNTAFSYCKV,HEEKNYEUUCYQVIQS,SQRKBBNTRJDIFEPK
SFFFJSUWBGZABGZL,DMPNPTLSNRZTUEXI,GZGCLGEWWSHHOVIV,XSVYRSQMHJNSEAML
ZNHRDOLAITIWTHPY,UQBQKCAXEJVBMGZI,RUKZLXCLXNTJKIPJ,VHXCCZBIDUHOWGXI
RFBOITBJCTECOETH,LVUIDTHHHDYCNVMN,IUEXCPLQWMDCCFXG,DHSMIGHGCGGFXNMY
RJUQPJXSMLALETLI,UCSEHEUFXSQKBWGE,XZDRQQWFWGRCRIEP,QJEKRDFWXWYUREVQ
DHHBTDPZJDLVKOQL,NUEKUKBGEWATLYHG,BYWIJMEQEGXLEQIW,LROSWSMEEGKMLGBM
UOQAQKRGXDRPRCIS,VQTFCNJHTTKZXHOO,YQZJASKBVJJXJYTA,FRDAFBNQDMZRAFTF
AUSDJQUYXFBOXIJC,NBYTULZCUTTEZYEB,BIVZNPVHJWOOAIAA,VGQTZOFVAHOPFDTI
DQSIZIZXROSACNWA,WNRHAPMFHLYNEDGU,EZQLZYVJUQWLJOWK,DNMOEFYAVKPMMXMS
PIHLKIVMJOKKYAHL,SWNNQSXSHNGJKGHQ,FIDTYCUEDENLENBN,VQADNDTJEPDATIHM
LRLDTUXHJOTEBAKI,IOWIWQBYUUIABLSU,IUTKRPILIKWLQPJK,ALXZZQKSSNHTVVKN
WUWAMWZOPPMMMTBM,CJEBYKNDWJUQLFTB,TMHIMQACJMWLZPAC,LZLCMZOWLYYKBMEB
KFHIXKXZXUHYRXDI,TXOZCJDAANIENPNV,UMUXIKZXIRQFDRSR,PBXNXBJIGBAUUJMR
BOZKWYSTYRMCLPVU,ISSZJNDKHKDJDDYS,CVCRMKKPQMCOXKCB,BPTFBPWVTMCDAMBY
JAASAGUJEVTWCDAG,QUFBQGLTXZTPOZNV,FMEWSKDVABWAPLLT,ZHJTSHXJNGWIKUDD
PFFHGOUCFFPIUFHL,ZOMWSXKURLXZYJMZ,XFRTBXDDBSBLWMDO,PSECYOGXTXXERLNX
ZDTIXGSVFOFHRJWB,BLUZSIPHOADJSWTU,XWBTZCSNNMRPDGFN,OJLRQSIEMIKFVKSI
HSEWYVBJYWDOVUHD,XOMBDFUPFLYAKODM,BJJVYHKHOCRDWILL,SKIHAPLYQZFTDLIS
ILMGJQNEZQRUVOFO,MTQMHBWABPQTFRRN,RYBWHPENXZNTOEDZ,VKVQVKWBCBWCHQCS
HHGSUQTWQVYWRWHF,WVCENPINLGYHOYEL,MNCLVAPKEFGKPRJT,WPKTMRMVXYJQGDOE
YXEQYTXWCHQBSJOY,NWEAPJDLMJUAQCEH,KBZQPCNPKPGZBNZT,WAPDRYVDEJLYSQXJ
TPGOLWASUPCZHMSU,ROMTOWMNDOBAYRZN,GVGOHACZGAUFMHDX,DEGLODYAZVMXUTXZ
INORDELKGRSLEGQO,NJTEUVIAJROMCGKN,UVKITEAKSUTJGTFS,RHCHBRQWAPWPSEBW
REJUWMGDCAYPAWBL,BEUTHEHIAWEUOXXS,CLYRULKXNNEDEONZ,RWZPYCTIXKHPDRBN
ZPADKZVGQDNINRZY,GJUYQESOIDQJPKHJ,LGAEYYQKELULXFQI,ACYKUQGKBLQDGODO
HZEMYREELQOZTPMO,KOYMCKRKZGNLALSK,KHGROIZBZBGKETCD,ZLRWHZXDYXFMIPTU
IMBDWYAOKBRKNRQO,KBWKZHAJLWPBBRPB,SMBXFBYHEXWYLBOM,SDSYZUAGOWQIKFFI
DVRIQIQODUXMGCCG,BNPOHZSXKDAVOLPZ,WGQVTOLBZICBHTXZ,YIOOTEVYONOTJBRR
CEBBUZGRBSIGLKMQ,GEXNOZYVBXBNTKJU,ASOVHNGMDMLMOPGN,GCRUGUAUJMZQMXGE
DJCDLMLPTCYGYUJH,NQGEEWLGZBEVVSOP,OOZHSKMVQSVAPAZQ,SFCWSMPOAEOSXWHM
SEPRFHZTHNAJTFFE,SILRCEDJVKVWTUOT,SVTRGOKAAYAOOOHV,NJUSNLSUMICCJKJL
FMDHLBJHRBCKMRQX,EPSXANTKNCZCTOXP,HGWYUIVVIBJDQITI,CRNDCOZLIAIYLFVS
MFDXRNMWKQIZMAKW,QIHNTSMADTZCCABB,NLYALODFRLASAFCP,TTXDBLOMVKOVNJZO
LKNBQAZEKGCPZOSO,VUFTQTMPQJNOEUGG,BXGFGRHWCRWCSEKX,PCDMGTOQUWAZCRAE
ZOKOKVTHYYTLYRAQ,DSYESSSEGTDTOHOZ,LPWPPYIJAHSWYBVZ,FVNDXJBOUJHQXDDW
JAPOCEEFOPSBXHTQ,XAVJMHIVSOPNAHZQ,AFPCXEJTYFDOHTMJ,HIEVIUSIYVPFNDNX
OXYMHWAMEUNOKMFD,HWZFFOWFWKCVVYYE,QRMPLJKRAINAKROD,BMWYTBKWEZEXHAPB
OUTCYUKXMUCACZQZ,NOIPNSGAZHBVJRDX,PQEWPQLJRYYPLCBX,DKUICGNCBYCWUTDX
YRVRUHTRIQORSOYR,DNKBCYSVDBHWTRNQ,KUBOMJGBNUVJPZMY,HVWMONDVVDTDGAKP
KDCXFKHZRMAGSTFN,YDUKDFERJATJEZUU,WKXIGPTYANBGYGLP,TZOERVLPCGGKMYIX
EXZEPTGXJUTPFGNU,HNNPPDNTBMPQVZRL,VOJWOORJWJNMFCMF,MKTCERHZXMNECDBA
JTXTCBUHTYYGVVWO,KQJBJTDLBKQRWSHR,TBZVJLJMOGNAIJME,ANUNKOLYYQUZROPG
NZPDGEPBJKIKWZVD,HPVGPPLNELNPYSZK,HHDMQXOXXEVNDLEL,KRTZDJDWGGELCWRE
YFGSACYQJVNXXIOT,RZQKBTXYWOSPVPMA,XBSTNJGWLPYUYEKZ,NNSTSWDVIVQMFARY
QRYOISLORRSYQMVS,URSZINXTHIAZJWGO,GQCVSRXLLNVTVUDF,GXTIBNUJHZULBEQN
XLJJPYLZSJNGLGHB,KMDDRSNOUOUGJFQI,NTULFBFCQFEKYHIV,NVMKJHWTPMGLLLYR
SRKNHPYUJBOQACVD,PNYHHEOIZFIIKMJU,XWTAUCYMNVPINMEN,JRILGICOIIUGXLZK
ZHCSWHHPBWDPNSPL,OBKQRBCCGGBGFCAM,WPXJQHALOUVOSWYG,FYZWUSGSCCWODOFQ
SLLLUJAMJXEQSAAQ,WIDUHANSEWHHPDUB,SRPOSHVOBMHDXVRY,MHVEPXPWDYCHDNVL
VKYZJARIWZHIBIHR,GNZBAQWXOVBZKIQI,CWVQTMNEGNSWJEZV,JFNFQHUXKQNSMDFO
ZUSUZBOVPEBQNWTJ,SKBKBBSAIMNEKZQG,TSBPSNKCQTOBPBCY,DBAVENBOUVDKKZXE
ETICIZYZMBVJOURQ,ZSCWRWVGBVXOHFJS,XCXULNOBPYRCATPD,ZKMYWAUNWHQSOZOH
IDRMZUFVIOMGDZIG,YBPMQQKVRELCCUTD,ZTHGMHGEQWOFDUMK,FEIYDOQRMJODALYW
CZFSQIZHBHZTCLYG,RQXRDKIJYPEHXKTE,VDZARWAGSSPXTUFM,WLMKGTPNONYSOHZF
RNBOKFREBUURJRBD,EBSXNMXNTPHMIHXD,UNERWANOVGKUJIDJ,SBCWKUXRBQCEKUWM
KUJFZFEGHQFWDPBD,ADKXJQCDKZPUZEUV,NCAWPJKJCACQQRIY,UXZWRZERNVHVWTMN
UZOGZVHGDEHSCYCY,PNAWFGFUXZAFWRGV,ZXGERJDZTEUDZRKK,XZTUDTYOBAQJGKZH
IPUYQOWMAZCVEVEL,ZMTQEVRLVGFOWTKC,OKQIJQFWMCVKZCZA,KAMRJMWESOLIAAKF
ZSFWGUHIUCRMXWXH,SPDCPZMRFXGEELNQ,ZSQEKLJZTNQLVNXB,NFBYVIZYGWZTGXZE
MPIKMBIYTQDSXDKU,PIIFXVHVMVDEZKUF,VTRTUOQDYJCTXZHT,IGKMGJVJROKJONQR
ZPSKDALKHPYOGDOJ,RABIYDUDNEUJZRNV,RKBUTDKOZWYSXYLH,DWMXRVITEIGIWJOR
OFAMLJMNGBBLSETJ,MPELKNKSXKZHVVDP,AAGJDMZZVOPNXULT,KISMUMQXGDUFQFNB
GNEXPZQFIPSTMQCA,UIKSGJPXJCSSUHMM,HBPGQYOOZYBJELHM,INOJOOVPCIWRKUOC
SXPQPGUWCOGSVJHN,NNEOEVBBDUZURCCA,HOCNUVQGSSOSPXBD,IEQTMRPENINOXENR
CGHHVRLNSPFZANDU,AQAJUADRXVBCYUGH,GAMGCFWHTISMCBBG,VITWQRNKVQOVOOQW
NAHKDFZFQIMWNWUE,ASGXTAPESWNXRMRN,DLLYYKUOILIFNCCM,WPEBZCEVSUOXDJOD
RJVJAITFAPQZUBKV,SEIAXMLHWFWJXVWD,ZLCUEKVDMOZGCZQL,CMELHMGNGRGDPZXB
TITCLMGRMZOIBGSW,FNGXYYCQNUWHJMNK,WOSWAGFLRFQVTZOS,QETADLCHSYQIGTME
MSOLMTAYVUTPAIIK,OHGQUSOMEMXXUFPZ,UJCOMQCJXQBIJOJA,PCHKXDUYIIAGTSRB
PYEAKMXTZHAIJTCH,VHQWQNAXCOORXLJG,ZZDENTHHPVUKGPYT,ETKLNSMZHXTYFYYL
QWBQFTFUFNGEDCYH,PLEQBJMIGGXWBKFK,XZWJKRMOHWKBNKCY,QVCYGENKIZESDCII
OTWZIZGXSBIJCPJC,CVKUOMLBMOXHRGZH,GKQEFFOGSUCLRGBS,YDNJITCIBNWIVIHB
ZXGKCSNIHNHDPYNR,OCFAQBMCPLLSDZYJ,NBEQZJPHJWIHMJHP,NUCZAYIPSYLBMWJZ
OFMLXPEDMCXUYAOK,VQCALPSHTEBIHTQA,GRYJSBLNVFWBQDBM,LWTYVNJVJNYBWMKJ
VTOPVDJRIASZIRCQ,CKDYGZEEXSPVUKGB,OTUBQEWDPJWICQWQ,DWRBWPASSEIEADTS
KTYRBCBINVMPEZSJ,BFXCYDAAVUAPYEVV,CXZMTPZXFLCHUQRP,AFWQPHCWRCELWRYT
TGSMNSAPEDCXYWPD,BPZDWODYTUPITRYM,SJOGWNMOOEBKYZGL,IVLEIDWHSTVOHHVN
XALYHWATBDZADIWU,TMVGFZUHBAIWJEOD,YYNGJBRAYQFRPXIP,FMWOXSVPATQKCFBI
KXZSTRRBIEGBMIHX,WDOCXXNUXCURERPE,NTHWWVKUVODTTOVC,WBNGJVAMEZHOSHJZ
WYQCKXXZOEUXLODJ,SXXQMVBJGRJKETYA,NMUOWOHMYPMOODEJ,VXYDOYVGDIFHBPIQ
WDRDTIFUJEYYVMEH,SIMPODOOZQBSMZPC,AMZLZAPBTVPGKKUJ,LETRXKJMXUYMBAKY
TCAEFSPIXAZETBWU,TDJCSLEYACWGRZUB,MHKLZPLUGZDACRMV,DEHOZQYNNJCSUIRC
DWHCLDHIZTSTIFWL,QUQCFMCZMASOHTGA,YTCWAXIIREJSAELY,JGNGPFBIKFUSTRTV
ILCRXWXLNAEAJBZY,GTKGPGYURWBSCQKJ,AQOTBSOOWLNCKDRY,LCDIBBNJNSJLVMGX
FKJSSOAXWUJQOAVT,HKOBDUJLHFNIEROL,DFONGPAFIHTSQMKT,NXKXEALJSCGAPHQT
WYAGTNYCXHKWFLCD,IVOVKOLKOCGVMKVV,IZVLBBWKBIEZFXJW,UQDPLMUIBGTEBWWM
JAJRILOYHJQQIKDK,UXHDGBWHBIJMWFJA,ODVKYVPRBYCVWSXE,JBPGBVYTFKFLDFVR
MPRQDXRDNCPXWYGY,TKECGOEGFOIPEIGA,RAZPRVHMEFUNEYCT,FNNVETWHIZCYNXAY
RALHFYBDVAEHHDOB,URYZPAFSDGVPWIJY,PEKCRBIGLWMDSKDU,RVDYJKPSEMBQSOYA
NEUFRZRVSXGJBLZK,UNVMJLLSAJHPPSZO,PPOIOLPOBSHEWKMN,QJNDBISVASDHIMES
PHVOURFFMBTYEBNG,TKCUGWTORKSVSFYC,GIRYBWPZGIDYVWBK,UYQVMRSLCIUQKSMR
CBGCRJWGERLGRPQD,KENAYFFKJLNFQHEE,TXYQNRRQSXQRBRYH,YXAXFJXDKMXFZFLH
SNPWJWURFSLLFTTE,CSGAGMUYSRESHVKE,TDHNNQVQOKYMEFVC,EOMPSMUUVZOIHVWD
NDFCRVDIZBGKDSWB,YWADPPSOVOZCWYPQ,HTSXBBRNLVBJCJPJ,TUBQMNEUCIWBHUHX
NHHZAOPFQSDUIKCV,YERDIPUIJVMHFKAW,FPDSHYBQRPAHITFQ,GGVCETBQGCWWOVGL
RYBUKWYQLDFWFNZV,RTYBNQNOWBSVDAXE,XOWNZGFZFVVSGNYH,ENWEFXNGYXCRDRXU
EPTLBNLAUYSWDZZZ,RVYESMZVIPMTHYNW,CPITBCBDVOBQYRLF,PURAASDJHSESARJA
QYBAMRPJOBVFKKMX,TNQSVHFYAXBIKXFG,ODYUOIHAGRXSGVPA,XWZNVEFEXDGGVXHC
WZQKDYPNSVQZHFQH,VLYCTMTQAVFFBIEE,KHMGIBRFUVLZVCWF,BEEGSIPJIKLGUQHY
MTNWHVBLTUEEHUQG,QIKNJNWEZSHFVAWV,QZOWUWZXIXYMCNDD,PVWIEWHKHGLLZQTR
BHLDCOENOXTCWFKG,XSLZJEUPFJBFWNWH,TBEEMEFEPRNGJNEP,ULORVNCPATQZTVEK
JYJMJQSIJIBXCOIH,UFNVTKGLQAZRHMPQ,TKBKACSALXKYLKGY,NJSEVPAEMCDPBUER
NUFYPRSXUVPRGGVY,QMPIHJIXWHDBSPSJ,EOPYXGJRHHJSKDHX,UUMJESUGTCZWXYQS
EKRUOJLYLSVHYEOY,PZUPTQIIDRNDVRHA,ZJHDBVWPKTGPNXHM,UFSBUWNXEQYBDBJB
ALPCQCCPIWEGIXPP,DSPUPIKHLHYHHXSP,KYSYXOPOODINVZNS,SFSXVKTBMDUZXIEE
QNPHBROWJLLXCAXN,TXUOJVRHCEDMTZXY,WDCVSJAQXWGIKDSP,PAFHMVQCEDMMEBDH
MQUOMDGIYEFGOTLJ,BGQYGWOPCZYVAJEO,KKNXVEOTDGWSTZCI,UQSEOJLJZYBOFNYR
GBBETQRZJSFSDTBZ,FBJLJDBQCMJVMKQC,QPGUHKHYALQRJOPV,XFVWJRKPOISZYZMU
FFKVIOEZTEJAERTJ,FTVTTQQOLEXJAMMP,GDIIQUJKWADQVRFT,MKHIVUJTXDYKQYUJ
SRZWPKANRZCQJKVG,QTEUPQXQQAVTOMUJ,TTKXSMXABTZSJDAM,WNWBMPEAEJDZHYLX
QMVLCBXRKDPQOZDK,CQGFXUSLQYCXQKIO,TBUJXAIXOJIDSHQB,XFXCEMZJINFSIXSY
EYNQBOXECYEMBMHS,TRLPKAZJWUZRQXBQ,UZGTSBWIHEUHYMKZ,HDSFAAIZNXOTYCQX
OFAYGLIVAJWATFUW,LLYBFXWDFVIRBMGO,IKPQOVJLMQCTQFZX,BRUCNARWBTKVVYKH
FJMJWBHUOUWUHYPU,PXUAADHKTVUGKUXW,IUUEUUFQFVDGKBPA,FJWUKBIKLVVUBISU
JFFGCRDOZFGLLXUA,QUWEAQJIAZCOTLVU,LZOXOCXZVUBIYYNL,YEYQIPVONXVKSNFI
XLWFEPIPKYJRFHDA,ITYJVPIQGDCXYHZH,YNJKSKWEVJVTBMUO,IXRHRDAFGEZLKEUF
CCVAOCQAVZOAHGEA,DBAZGDQPMOJDOYCK,ZCNWWVLZENAWNJPP,AYZAPQIXXQCMPITW
DASVLCMMNCBLACRU,GKGLIYRVVIUMXBGC,MZQWGLFDNSPLWYOT,HBPPFDKQSMEFFEHL
IQHRAPRLBEGBSOQB,RGHVCERKYYPFFXHL,OVHUBJXSAMQPPIII,PCLUKBKNGOLLWKYG
AVFJNZUDPOWOMNQN,GUOIIWOYLFVTOYET,WFQMKGWGDSLKDIKU,RTZKUGPWFQRCJNNU
LJGJWYZPJDHGCCED,XEOTEYRPQSHPXBRU,OCKARIYFKOMTRJLG,JGAFFWTUNSRJVYFX
HGTITBMFMOTTNVXH,UECFQANDXSCOKIPV,WLVUJLGCBJKSJHQK,ELGPRXXVDZFBHYYJ
ICNUKQKZWTQOHOCZ,SAUHHGQQPCAPLFAC,CSHULQLUHCCTGAGI,ULERJJGLHHTUARFO
IGBBZSDNZUEYMZNW,EOQHKFVPQOPBQSXR,GXRNITSVSNELOZCJ,YMGRVWHLDRBVVWTQ
YXDRYSMECHGZKXYM,IQGVZXSSFCYMWPTV,LYRPMMODAIVOMDQI,DEAKMFIBWIJIPIXO
QQPOFIQIPDLUYNBO,XBWNAHNKTAAKNPXD,PHAIKYZVGPKLUUMC,UQZNZHANBHWLZGAS
DEWWHCULXKUZKWOS,VWEPADYFDPQTSKNY,DMOFKFDYSBBBCBKC,CEIEKBXTNTYXUVFS
ZJEUTNEHBIFFYNTZ,OSGGNFOFUMPFTKCR,OMGHBSWQKREGHRLF,IQAZEKINVLUNAVOA
EIWHXYJSBIAWIONN,FNRSAXELYOZQALXC,SENREPIRIQWGBUCN,XEZTAGVCBOVAVFAD
YRFQFBXCJNIIHXHD,LLZJBAHBRWFOKQOY,OHKXKVNKCBGZVFYT,EMPIUCHLMBGOFKVR
ITWMYGEJGGEYYJOJ,EAREKDTBZZDOHOSX,VVFOUBWAYULIWSLK,AJXRVCNGFFWXICGW
HABAMRORQYGWGDKB,WTVXRUONYUZFMOIY,CADASPMUSJMOKRAL,BCHILXQCIMBRNWNR
BRBKXEFIATMDHXLD,KJOQDEBALPVVHHMF,NNVRXAKVAYYTKECL,MOSODQHFEFDBGUTS
EYCEYHJIMYASYFGI,HEZTMHFDULYOAWIG,VBVJLMOYHGGPKDEI,FZRAQUOLNXTUVJRH
NJLJTHPVOUJWHEHO,JTDUBFXUUBNCXRWA,RSKRRHFLACDVINFJ,GCHKWCUBJVEVZDHV
MTEZKNJEVFCPOHVR,LFYPSZYLPDLBDZER,OHOCSCWFGPUPMCTE,YIOVEPBZPJJGCJVV
DIFRFRUTOZRSILJA,XTFNYWUMEVRKPJOJ,ATOZSTJDWDESYZJN,YHTQWFASCIAJKKOK
FYMEEKTAMHWHYSLO,TFXTFPDYWKEVSVAT,SPYLVLDHSCLQHDKI,FOZXALDASBKGQCJE
PQTULEDQAZDEZAFR,XAUOIAASMHUGCYZW,NCHUPGOAWCXRUCLP,ZMVEAWEXHWXJCOAJ
VGADARRUMDUSFLXZ,QVNNPURHVUVLQFLM,WKZYHFJGEIYJYCIQ,OFANMXVUYVLQJMQB
CXIFFFQDRHPRTQFD,FWIUADVDKAPUICXR,ZOGYUOTOFBGGAGPY,LVCETBWKCCYPBDDT
BUTHMSGAJQUGMIYJ,KWSBDFPTUKRBPGPP,NAJSWZDJNKPOGNUZ,FDXRXBFGIXIIUGGE
ORWJLIMPJZDSTUTP,IFAPDDKRLOATSUPX,QINUJXYUMCGEZWRT,QUNSJTMJXKUIGQLL
CXVRMRZRERGZOXFZ,LHCMUQVFFZNIPEJN,NVXTNXTEYSUHERYW,XUVIZWVLUEPPLILY
SMLSJHGSEBAKRQNW,INYNANBMYEJAFBEB,GBRWOJUJCWRDLOVO,UIZNMOXAQPGMVPFK
MKOXLKXUPWIDZOIY,KOXHZOFQHMTGVMPW,HQXGXGRJKVSNTLUB,ABKGPEYUNRVTQWUS
UJZCJZZSRPMDZTHZ,XXHQJISVXSWWCURH,WVNXEDPPQRUNBWMJ,CLRBXKOCVVJRRWBJ
XBAILNNIXDTDERSA,XFNZAXKMRIAVXHKH,XDHRMYYPHFQBIGZI,ZWVGQJVLLXDUXDMQ
CZLNEVTHHJIRIRNS,CHISWFATHQHNZBXV,HGVTWZRSTAYJGVBJ,BDBCWEFGVNXBDMWJ
XBHGSHQZVXTJBXAO,FCJQWPQMVAYQPGSZ,JQMIBEJXQTLXRACW,DRORYBFRCQBTNKHY
PEVSSRCTOAHXBDPM,STNDTWVUIKPETZGJ,RRJARZCIXDLCIRNI,DALWUONEMNJSPUIM
ZJBNZBIOQBZNUCCA,RTIMGFOALAMLLWEP,PMCLRIMPWYBWUBGJ,OJMFNOGOJZZSNAMU
LOGEZTZFZZNRYNWO,AJWYUEUCXTIDBDCE,GXEARIEQASVQUSCI,DMXCDAKFJJVDOSQZ
AERYFDKVQNSCVTYM,SNRZNRVHIILQOGCO,JAEUKNODHHPSEGIW,NJPMZMOHLHAJMPNE
JUXMRVTMMRLSZQNW,EZGLEBGUMBGHXCDT,LTGVBDCHEASKTSCT,GVVIWXVKWPGIYNQO
GUUNXKJIUGUXBPGC,MFLPJSJOXIORLOFD,CYGZKPUCWPJZHSZM,MZSJTOTRDTYQVRCZ
CHGZMIYIGMDEPOAX,DXJWEITFISVCBYGD,FXRIWPSUGZVQZOJY,MFAMGOTNSMRMNVVE
DCTUKNKYLJGBGHBD,TYZMHDZPFTAWADHI,RLCTKNVSSADXZZUR,JFXMBBOQQTDONNAN
KDILPJADCQETPRAY,GUETPMCOMLFOXOPP,RJTHISVCLICEKAWF,EXXRIVDTBZZSEGWP
KYQWNOHEYINUHIJM,DSZUOZLBLGNJCFYU,URCMQLGEVLSOSJER,FWYLHQASTKGCYXAN
GFQXJZTDILOPGWHY,GGVDZYBUIZFQHXSH,UVYMVMQXKETCEUKF,NSNKELWVPTYNSAVA
GEYUCLPQQLSEBXMH,CEIQQMMBAPKEIMZW,TWFZQFCOSAOMPPZR,MLBZXNBGVQYOEUDR
RRYWAYYVJMOBRRFX,MAQHCSDOVVYHXDGW,RFFAOXPQAMGKMOFN,XMKGZCHMMMTPSXPN
STSQFPWZBQUQNHMH,VHZATLNHYUUJBKHR,NKNOLYNQRKVIMJGC,JNSZBGTIEPQOJMBF
VXDTYAABEIAHPTPU,WOROTOCKYCIDYEVT,PMRIBDIRBDYPMFVE,MVZQYGWJKEBDEDCT
YCJMZUYHYOHUNQPN,LUQBFLFKKXKUNXZO,HUORVXQKZFNMHGMT,BZLOPZCQBZSCTTYV
BXOSVWJQZPGSVMDS,DNGOACKXELASKDJB,YKZUXGODNANSSGLT,UXSLOLKJYJDCMSPD
CNCARISLCJJNJXPT,BNWWNKJFYKTZNAGJ,YZKEWFWNWRDVFCSK,IXJZBZCRRXANCIGR
IEPPNXWOIPYLBBCE,AFMQWUFAMZRRFZMF,HHVKCSMUAKRHJRAT,DFJAADAYUBEJVGSZ
JYNVLGEITZLMCOUH,RHRHCDVRKONPCAOD,IAPQIUWISFMDUCFB,QZGEEURUVHVXBJYT
HEMJXMPHKNMFXDFA,GQBGYCLYFTIFSCLR,EGSAHJOBBKOWFWII,ESYRTNFWNQHMIZJX
ZKUIWHQYOQLYURUK,NAWJRQWJKQPARCDR,HFGIOSWGOUPIIWOT,IUHAHTEYVZWMZSGG
