team,points
WWYGHKJDTIDVOFBU,14
RCEYUFKXNJUSOSPK,16
KWNHSRDAWRXHIZHB,15
DJZIVKYCOVGQDKSX,15
SEIKUIDWQNHCGCAF,14
ZLDAWRVZTXFEIICL,17
ZRGFFCQJGCNLLGYX,14
VALKXDDSWUGIZVAB,15
JCGBMMJDGCRDNEZD,14
LMJOGNWFSSRKKGSQ,16
JIRLMENYIRKUKHBZ,13
XZPMCYOIUSEICCCF,13
WTGKONEBMRMLVWFT,13
OPARHBZRQZHQOZLZ,16
NROVXCXUVDFCKXZG,14
MMXHUMYHZFJXYSHV,14
DXCORPJGOVNUZOWZ,12
GBILUBTUCLLPQRUN,14
EBDINFRIJFJMXADQ,12
KZQREOJMAWUHKZMM,12
PJVDXCYBIAAQBSJU,15
AYJXWOHEKXKOOCGA,15
KNZUXYNPYNWQNAME,14
CNEFNIEVRYWGWZIL,12
AVLUVNPBVZVPYMFS,15
SSMWTNFRHAXKYPHL,12
NKCSAIXYIMZLXILT,14
KHLEICORYQXDHCIT,16
CFFAUTWESGITYWGG,14
SUJWCIDWVQAREIFY,12
PUGPDXBHMDWRBVPE,13
UDAUUJBXEOBPVPRX,12
JRJOAQKBVSBFVZHC,11
AZKCBGZOJANCTCJE,12
VLSWKLBNPFNKHZTY,11
RFBOITBJCTECOETH,12
SFFFJSUWBGZABGZL,12
IRPLTTSVSYXLGSSZ,13
IGWNVJMOWZQNLENJ,12
ENPXKKXRCDZOKMZY,14
ECXRTVMRJRVRFCTE,13
XLZTGDYCVWCDODQL,13
JUPHLNHLMGFGGUFA,15
ORVQVNBAHRUJJJTI,15
ZNHRDOLAITIWTHPY,11
ZCQSTBLKGZNJISJS,13
NDMPPGYMMYYOEUEY,11
ETLJKUIIMGIBXQTS,12
SDKNOYCGJHEMGZRE,13
FCBRBJHTBQHZNEZZ,12
MZELOKBAUVTEAHGS,13
GWAIPDJLHRYWKZTL,13
TJEZYMCRIIAFHFYA,12
UNIJUTONCQPPXHMI,11
UGSRIQAPZRVHTRNX,14
BLBDXEGJBHSGHZAK,16
ZKSYCHACYOWSDLJW,14
ZSVVJOSKVCYOOHOA,14
PHMQNRBJXLOAHRPE,11
KBMVVPIUGITJFJVG,13
AZSECYPQMCWBKWFD,14
GSDIHZESTVPNYRVX,14
HLRFYKHIYWCHZNOJ,12
FCTRPWFYHZALZIXI,13
UBODZGZQUCORUJTX,13
BGDZLOGQNVJZNRIB,13
PIHLKIVMJOKKYAHL,11
AIWWJXXNTAFSYCKV,12
DTOYQILYFMYLSAOJ,13
QNXDLJRFVJEDACBN,11
YXEQYTXWCHQBSJOY,13
AIYJHIGHDJYNAWZS,13
IRAHOEOKCJMCUNTU,13
JUTRNRGTBIMGZZWW,14
GSTMLZHWKISYGFQS,12
AFVXSXVUYIIZQHWG,11
UWYJTDMEQEKLYMWA,14
LYKDTIMLPQZLHCNV,16
VVFPPEGKNGIPOXUC,12
GCUMVVEQSATWDSTU,13
AUSDJQUYXFBOXIJC,11
BWIKOSHQIUKNQGRZ,13
QFPGIQOJIZMEWNVX,13
UOQAQKRGXDRPRCIS,10
ILMGJQNEZQRUVOFO,10
LRLDTUXHJOTEBAKI,11
SSXSDUJNQWHCRNYS,13
HTPDCHCIFBTIJMTF,13
DMPNPTLSNRZTUEXI,11
ZDTIXGSVFOFHRJWB,12
ZJWYRYXUHCVABLPH,11
CSQVGTHLETTBFBUN,13
INORDELKGRSLEGQO,11
DQSIZIZXROSACNWA,12
UQBQKCAXEJVBMGZI,13
WUWAMWZOPPMMMTBM,11
HHGSUQTWQVYWRWHF,10
DHHBTDPZJDLVKOQL,11
TPGOLWASUPCZHMSU,10
JAASAGUJEVTWCDAG,11
RMHDQPXSDSZLQEMG,12
PHCUHJOSXZZRYODD,11
BOZKWYSTYRMCLPVU,11
DVAHKUEUDCQXMXRZ,15
HSEWYVBJYWDOVUHD,13
RJUQPJXSMLALETLI,10
EAXNTHCFMLWTZTME,11
KFHIXKXZXUHYRXDI,10
YIFMNALGSVDOCYWK,12
UCSEHEUFXSQKBWGE,11
TBNFRRDCECQGTBQG,14
QUFBQGLTXZTPOZNV,11
YFGSACYQJVNXXIOT,9
OXYMHWAMEUNOKMFD,9
HEEKNYEUUCYQVIQS,11
LVUIDTHHHDYCNVMN,11
VQTFCNJHTTKZXHOO,13
GZGCLGEWWSHHOVIV,14
FMDHLBJHRBCKMRQX,12
BLUZSIPHOADJSWTU,10
KDCXFKHZRMAGSTFN,9
NUEKUKBGEWATLYHG,11
CEBBUZGRBSIGLKMQ,11
TXOZCJDAANIENPNV,12
GETCJAPDMQLDCJYW,12
WNRHAPMFHLYNEDGU,10
ISSZJNDKHKDJDDYS,12
SEPRFHZTHNAJTFFE,11
KBNHDRDLHXKTHXTQ,12
CJEBYKNDWJUQLFTB,11
XLJJPYLZSJNGLGHB,12
PFFHGOUCFFPIUFHL,13
NFYNAFOEFFSCFDPZ,13
RUKZLXCLXNTJKIPJ,12
QIEJRMOHEAXXXZSV,13
ROMTOWMNDOBAYRZN,12
WUNSPREDDAWNBPGI,14
MFDXRNMWKQIZMAKW,9
EXZEPTGXJUTPFGNU,10
NJTEUVIAJROMCGKN,12
MVZVQGMNYXKGDQXJ,13
IMBDWYAOKBRKNRQO,11
SWNNQSXSHNGJKGHQ,12
IOWIWQBYUUIABLSU,10
ZOMWSXKURLXZYJMZ,10
NBYTULZCUTTEZYEB,11
ZOKOKVTHYYTLYRAQ,10
QRYOISLORRSYQMVS,12
PIHXQNCLRQGKOTVW,13
LRLGXTKQXFFBORPZ,12
MMBLELABOTFVWVQL,12
REJUWMGDCAYPAWBL,10
TSYNQOMSMODPPKEC,14
QPJKEYQERFJGXIRW,11
DVRIQIQODUXMGCCG,9
XOMBDFUPFLYAKODM,10
LKNBQAZEKGCPZOSO,12
NWEAPJDLMJUAQCEH,12
GSFJCVWOBWWYIBVH,14
DINDLRLRFESOSMZV,12
NZPDGEPBJKIKWZVD,12
YRVRUHTRIQORSOYR,12
WVCENPINLGYHOYEL,10
SUAVVIIDDOANQJHV,12
OUTCYUKXMUCACZQZ,10
HZEMYREELQOZTPMO,9
ZPADKZVGQDNINRZY,9
DVYXWXATMUEENUZW,12
SRKNHPYUJBOQACVD,12
DJCDLMLPTCYGYUJH,10
JAPOCEEFOPSBXHTQ,12
MTQMHBWABPQTFRRN,10
OFAMLJMNGBBLSETJ,9
IUEXCPLQWMDCCFXG,11
HNNULOYDDWDATGDE,12
CDVAIBMQVRTNIUKP,11
UZOGZVHGDEHSCYCY,9
VKYZJARIWZHIBIHR,8
JTXTCBUHTYYGVVWO,10
GVGOHACZGAUFMHDX,11
LHCIOJCXGKMIDQNE,11
MNCLVAPKEFGKPRJT,10
OTWZIZGXSBIJCPJC,8
EZQLZYVJUQWLJOWK,10
MSOLMTAYVUTPAIIK,11
DYOMLHCLTGRYLSOQ,13
CGHHVRLNSPFZANDU,8
SLLLUJAMJXEQSAAQ,10
TITCLMGRMZOIBGSW,10
FNVTOAZDFOBLVQMZ,12
ETICIZYZMBVJOURQ,11
IUTKRPILIKWLQPJK,10
HOVQXQMDKSAWWQXX,14
WTGTIBRGDOFPELGV,13
GEXNOZYVBXBNTKJU,10
KQJBJTDLBKQRWSHR,11
NNZOTJANAVWPBAEP,13
CVCRMKKPQMCOXKCB,13
VHXCCZBIDUHOWGXI,11
PNYHHEOIZFIIKMJU,9
HPVGPPLNELNPYSZK,10
NAHKDFZFQIMWNWUE,8
VGHKISSXTDVAYESW,12
ZPSKDALKHPYOGDOJ,11
BNPOHZSXKDAVOLPZ,11
RYBWHPENXZNTOEDZ,11
KMDDRSNOUOUGJFQI,11
DHSMIGHGCGGFXNMY,11
TMHIMQACJMWLZPAC,10
SQRKBBNTRJDIFEPK,11
YDUKDFERJATJEZUU,11
FIDTYCUEDENLENBN,10
NOIPNSGAZHBVJRDX,11
DIIAUXEZSVCTFSUM,11
KBWKZHAJLWPBBRPB,9
BEUTHEHIAWEUOXXS,12
GJUYQESOIDQJPKHJ,10
XWBTZCSNNMRPDGFN,12
DNKBCYSVDBHWTRNQ,9
HWZFFOWFWKCVVYYE,9
SILRCEDJVKVWTUOT,10
URSZINXTHIAZJWGO,9
XFRTBXDDBSBLWMDO,12
PYEAKMXTZHAIJTCH,11
FMEWSKDVABWAPLLT,12
BYMGHSHDBSLRXGNQ,11
CZFSQIZHBHZTCLYG,11
VUFTQTMPQJNOEUGG,11
UVKITEAKSUTJGTFS,13
IDRMZUFVIOMGDZIG,10
DSYESSSEGTDTOHOZ,12
IPUYQOWMAZCVEVEL,9
ZHCSWHHPBWDPNSPL,9
HQOQAGIIMRYEVKQH,11
RZQKBTXYWOSPVPMA,10
QWBQFTFUFNGEDCYH,10
ZXGKCSNIHNHDPYNR,8
QIHNTSMADTZCCABB,10
XAVJMHIVSOPNAHZQ,11
RJVJAITFAPQZUBKV,11
XZDRQQWFWGRCRIEP,10
EPSXANTKNCZCTOXP,10
UMUXIKZXIRQFDRSR,10
MPIKMBIYTQDSXDKU,8
ZUSUZBOVPEBQNWTJ,10
HNNPPDNTBMPQVZRL,11
BYWIJMEQEGXLEQIW,10
NQGEEWLGZBEVVSOP,9
KOYMCKRKZGNLALSK,10
GNEXPZQFIPSTMQCA,9
SXPQPGUWCOGSVJHN,8
RNBOKFREBUURJRBD,10
ZSFWGUHIUCRMXWXH,11
XSVYRSQMHJNSEAML,12
YQZJASKBVJJXJYTA,10
BIVZNPVHJWOOAIAA,10
QJEKRDFWXWYUREVQ,11
WYQCKXXZOEUXLODJ,8
KUBOMJGBNUVJPZMY,9
KUJFZFEGHQFWDPBD,10
CVKUOMLBMOXHRGZH,9
UIKSGJPXJCSSUHMM,8
ASGXTAPESWNXRMRN,11
KXZSTRRBIEGBMIHX,9
VOJWOORJWJNMFCMF,9
ADKXJQCDKZPUZEUV,8
LPWPPYIJAHSWYBVZ,10
BJJVYHKHOCRDWILL,10
SKIHAPLYQZFTDLIS,12
DWHCLDHIZTSTIFWL,10
KTYRBCBINVMPEZSJ,10
AQAJUADRXVBCYUGH,8
QRMPLJKRAINAKROD,9
PSECYOGXTXXERLNX,10
TCAEFSPIXAZETBWU,10
AFPCXEJTYFDOHTMJ,11
ILCRXWXLNAEAJBZY,8
ZMTQEVRLVGFOWTKC,10
BXGFGRHWCRWCSEKX,12
VHQWQNAXCOORXLJG,9
PHVOURFFMBTYEBNG,7
NHHZAOPFQSDUIKCV,9
XWTAUCYMNVPINMEN,10
OCFAQBMCPLLSDZYJ,11
CLYRULKXNNEDEONZ,11
LROSWSMEEGKMLGBM,12
ZSCWRWVGBVXOHFJS,10
KBZQPCNPKPGZBNZT,12
PQEWPQLJRYYPLCBX,11
HHDMQXOXXEVNDLEL,11
SPDCPZMRFXGEELNQ,11
PIIFXVHVMVDEZKUF,9
LZLCMZOWLYYKBMEB,10
VQADNDTJEPDATIHM,11
FNGXYYCQNUWHJMNK,11
VKVQVKWBCBWCHQCS,11
SVTRGOKAAYAOOOHV,12
XBSTNJGWLPYUYEKZ,9
ZHJTSHXJNGWIKUDD,12
NDFCRVDIZBGKDSWB,10
ALXZZQKSSNHTVVKN,13
WDRDTIFUJEYYVMEH,8
SMBXFBYHEXWYLBOM,10
SEIAXMLHWFWJXVWD,8
OFMLXPEDMCXUYAOK,9
DNMOEFYAVKPMMXMS,13
WAPDRYVDEJLYSQXJ,9
FKJSSOAXWUJQOAVT,9
VTOPVDJRIASZIRCQ,7
SNPWJWURFSLLFTTE,9
WKXIGPTYANBGYGLP,10
TGSMNSAPEDCXYWPD,10
EPTLBNLAUYSWDZZZ,9
HGWYUIVVIBJDQITI,12
WIDUHANSEWHHPDUB,10
OJLRQSIEMIKFVKSI,12
WPKTMRMVXYJQGDOE,11
ASOVHNGMDMLMOPGN,10
RALHFYBDVAEHHDOB,8
VGQTZOFVAHOPFDTI,11
GQCVSRXLLNVTVUDF,9
KHGROIZBZBGKETCD,12
RQXRDKIJYPEHXKTE,11
OBKQRBCCGGBGFCAM,8
BPTFBPWVTMCDAMBY,13
MPELKNKSXKZHVVDP,9
WYAGTNYCXHKWFLCD,9
RABIYDUDNEUJZRNV,9
CBGCRJWGERLGRPQD,8
NLYALODFRLASAFCP,11
NTULFBFCQFEKYHIV,10
NNEOEVBBDUZURCCA,8
PBXNXBJIGBAUUJMR,11
OOZHSKMVQSVAPAZQ,10
JAJRILOYHJQQIKDK,8
PLEQBJMIGGXWBKFK,8
YBPMQQKVRELCCUTD,11
RHCHBRQWAPWPSEBW,12
SKBKBBSAIMNEKZQG,9
OHGQUSOMEMXXUFPZ,9
XALYHWATBDZADIWU,8
WGQVTOLBZICBHTXZ,9
PNAWFGFUXZAFWRGV,8
NEUFRZRVSXGJBLZK,8
RYBUKWYQLDFWFNZV,7
DEGLODYAZVMXUTXZ,11
FRDAFBNQDMZRAFTF,10
TBZVJLJMOGNAIJME,11
LGAEYYQKELULXFQI,12
EBSXNMXNTPHMIHXD,8
QYBAMRPJOBVFKKMX,9
GNZBAQWXOVBZKIQI,11
MPRQDXRDNCPXWYGY,9
FFKVIOEZTEJAERTJ,7
GXTIBNUJHZULBEQN,9
JRILGICOIIUGXLZK,12
PCDMGTOQUWAZCRAE,9
GKQEFFOGSUCLRGBS,11
YIOOTEVYONOTJBRR,12
SDSYZUAGOWQIKFFI,10
QMVLCBXRKDPQOZDK,9
ZZDENTHHPVUKGPYT,10
HGTITBMFMOTTNVXH,9
BPZDWODYTUPITRYM,9
GCRUGUAUJMZQMXGE,9
HKOBDUJLHFNIEROL,10
SRPOSHVOBMHDXVRY,10
WZQKDYPNSVQZHFQH,6
URYZPAFSDGVPWIJY,10
VQCALPSHTEBIHTQA,8
VTRTUOQDYJCTXZHT,8
MKTCERHZXMNECDBA,9
XLWFEPIPKYJRFHDA,7
NVMKJHWTPMGLLLYR,11
KENAYFFKJLNFQHEE,7
WPXJQHALOUVOSWYG,8
CRNDCOZLIAIYLFVS,9
NBEQZJPHJWIHMJHP,8
CSGAGMUYSRESHVKE,9
MTNWHVBLTUEEHUQG,7
TMVGFZUHBAIWJEOD,7
ZLRWHZXDYXFMIPTU,9
ZTHGMHGEQWOFDUMK,9
UNERWANOVGKUJIDJ,10
SXXQMVBJGRJKETYA,8
LJGJWYZPJDHGCCED,9
HIEVIUSIYVPFNDNX,11
QNPHBROWJLLXCAXN,9
ACYKUQGKBLQDGODO,9
TKECGOEGFOIPEIGA,8
BMWYTBKWEZEXHAPB,11
RKBUTDKOZWYSXYLH,9
IVOVKOLKOCGVMKVV,8
TDJCSLEYACWGRZUB,7
MQUOMDGIYEFGOTLJ,8
RTYBNQNOWBSVDAXE,10
YWADPPSOVOZCWYPQ,7
NUFYPRSXUVPRGGVY,7
GTKGPGYURWBSCQKJ,7
JYJMJQSIJIBXCOIH,9
ALPCQCCPIWEGIXPP,9
CKDYGZEEXSPVUKGB,10
GBBETQRZJSFSDTBZ,9
OFAYGLIVAJWATFUW,9
FVNDXJBOUJHQXDDW,10
TTXDBLOMVKOVNJZO,10
NNSTSWDVIVQMFARY,11
BFXCYDAAVUAPYEVV,9
HBPGQYOOZYBJELHM,9
XCXULNOBPYRCATPD,11
RWZPYCTIXKHPDRBN,11
EKRUOJLYLSVHYEOY,8
IQHRAPRLBEGBSOQB,7
WDOCXXNUXCURERPE,10
ZXGERJDZTEUDZRKK,9
TSBPSNKCQTOBPBCY,9
OKQIJQFWMCVKZCZA,11
TKCUGWTORKSVSFYC,8
ZLCUEKVDMOZGCZQL,8
SIMPODOOZQBSMZPC,8
NJUSNLSUMICCJKJL,10
CCVAOCQAVZOAHGEA,6
HVWMONDVVDTDGAKP,10
BHLDCOENOXTCWFKG,8
UXHDGBWHBIJMWFJA,8
YERDIPUIJVMHFKAW,7
TNQSVHFYAXBIKXFG,7
UNVMJLLSAJHPPSZO,7
FJMJWBHUOUWUHYPU,7
SRZWPKANRZCQJKVG,8
QUQCFMCZMASOHTGA,10
AAGJDMZZVOPNXULT,8
VDZARWAGSSPXTUFM,10
WOSWAGFLRFQVTZOS,9
UJCOMQCJXQBIJOJA,9
DASVLCMMNCBLACRU,8
NCAWPJKJCACQQRIY,10
DKUICGNCBYCWUTDX,10
RVYESMZVIPMTHYNW,10
XZWJKRMOHWKBNKCY,9
AVFJNZUDPOWOMNQN,6
HOCNUVQGSSOSPXBD,9
SFCWSMPOAEOSXWHM,9
JFFGCRDOZFGLLXUA,9
ANUNKOLYYQUZROPG,9
CWVQTMNEGNSWJEZV,10
ZSQEKLJZTNQLVNXB,9
EYNQBOXECYEMBMHS,8
PCHKXDUYIIAGTSRB,9
ZKMYWAUNWHQSOZOH,9
EIWHXYJSBIAWIONN,7
BRBKXEFIATMDHXLD,7
QIKNJNWEZSHFVAWV,7
NFBYVIZYGWZTGXZE,10
GAMGCFWHTISMCBBG,9
YDNJITCIBNWIVIHB,11
ZJEUTNEHBIFFYNTZ,7
IGKMGJVJROKJONQR,9
DWMXRVITEIGIWJOR,9
VGADARRUMDUSFLXZ,7
GIRYBWPZGIDYVWBK,10
YYNGJBRAYQFRPXIP,9
PEKCRBIGLWMDSKDU,10
TXUOJVRHCEDMTZXY,9
ITWMYGEJGGEYYJOJ,7
HTSXBBRNLVBJCJPJ,9
UXZWRZERNVHVWTMN,11
PQTULEDQAZDEZAFR,8
LLYBFXWDFVIRBMGO,7
KISMUMQXGDUFQFNB,8
NMUOWOHMYPMOODEJ,10
FBJLJDBQCMJVMKQC,7
HABAMRORQYGWGDKB,5
GUOIIWOYLFVTOYET,7
XZTUDTYOBAQJGKZH,9
IZVLBBWKBIEZFXJW,9
XOWNZGFZFVVSGNYH,7
BGQYGWOPCZYVAJEO,8
QQPOFIQIPDLUYNBO,6
VLYCTMTQAVFFBIEE,6
INOJOOVPCIWRKUOC,11
OTUBQEWDPJWICQWQ,8
NUCZAYIPSYLBMWJZ,8
SBCWKUXRBQCEKUWM,8
ODYUOIHAGRXSGVPA,9
ICNUKQKZWTQOHOCZ,8
AQOTBSOOWLNCKDRY,8
QETADLCHSYQIGTME,10
MTEZKNJEVFCPOHVR,7
UECFQANDXSCOKIPV,9
FYMEEKTAMHWHYSLO,5
YTCWAXIIREJSAELY,9
IEQTMRPENINOXENR,10
CPITBCBDVOBQYRLF,8
MHKLZPLUGZDACRMV,8
EYCEYHJIMYASYFGI,7
DSPUPIKHLHYHHXSP,7
NJLJTHPVOUJWHEHO,8
TDHNNQVQOKYMEFVC,10
FTVTTQQOLEXJAMMP,8
CXIFFFQDRHPRTQFD,7
SJOGWNMOOEBKYZGL,10
GRYJSBLNVFWBQDBM,7
VITWQRNKVQOVOOQW,10
KRTZDJDWGGELCWRE,11
GKGLIYRVVIUMXBGC,7
DEWWHCULXKUZKWOS,8
CXZMTPZXFLCHUQRP,7
QUWEAQJIAZCOTLVU,9
DBAVENBOUVDKKZXE,10
JFNFQHUXKQNSMDFO,10
QTEUPQXQQAVTOMUJ,8
KAMRJMWESOLIAAKF,8
FPDSHYBQRPAHITFQ,10
QMPIHJIXWHDBSPSJ,6
AMZLZAPBTVPGKKUJ,9
IGBBZSDNZUEYMZNW,8
PZUPTQIIDRNDVRHA,8
YXDRYSMECHGZKXYM,7
TRLPKAZJWUZRQXBQ,8
DIFRFRUTOZRSILJA,8
ODVKYVPRBYCVWSXE,10
QVCYGENKIZESDCII,10
FEIYDOQRMJODALYW,10
UFNVTKGLQAZRHMPQ,8
TZOERVLPCGGKMYIX,11
PPOIOLPOBSHEWKMN,8
RGHVCERKYYPFFXHL,8
MHVEPXPWDYCHDNVL,10
XSLZJEUPFJBFWNWH,6
DFONGPAFIHTSQMKT,7
YRFQFBXCJNIIHXHD,8
ITYJVPIQGDCXYHZH,9
NTHWWVKUVODTTOVC,9
RAZPRVHMEFUNEYCT,10
FYZWUSGSCCWODOFQ,9
CMELHMGNGRGDPZXB,10
DLLYYKUOILIFNCCM,8
CQGFXUSLQYCXQKIO,9
DBAZGDQPMOJDOYCK,8
ETKLNSMZHXTYFYYL,8
XEOTEYRPQSHPXBRU,8
PXUAADHKTVUGKUXW,8
WLMKGTPNONYSOHZF,9
VXYDOYVGDIFHBPIQ,8
MKOXLKXUPWIDZOIY,4
XBHGSHQZVXTJBXAO,6
WBNGJVAMEZHOSHJZ,9
JGNGPFBIKFUSTRTV,9
ORWJLIMPJZDSTUTP,7
FNNVETWHIZCYNXAY,10
IVLEIDWHSTVOHHVN,10
LFYPSZYLPDLBDZER,7
GDIIQUJKWADQVRFT,7
UQDPLMUIBGTEBWWM,7
WLVUJLGCBJKSJHQK,9
XTFNYWUMEVRKPJOJ,7
LWTYVNJVJNYBWMKJ,10
WDCVSJAQXWGIKDSP,9
ZJHDBVWPKTGPNXHM,9
TBUJXAIXOJIDSHQB,7
LLZJBAHBRWFOKQOY,7
OVHUBJXSAMQPPIII,6
CXVRMRZRERGZOXFZ,7
QPGUHKHYALQRJOPV,9
RVDYJKPSEMBQSOYA,7
XWZNVEFEXDGGVXHC,7
FMWOXSVPATQKCFBI,9
KYSYXOPOODINVZNS,7
UZGTSBWIHEUHYMKZ,7
TXYQNRRQSXQRBRYH,9
EOPYXGJRHHJSKDHX,8
HEZTMHFDULYOAWIG,8
WFQMKGWGDSLKDIKU,6
ZCNWWVLZENAWNJPP,7
IQGVZXSSFCYMWPTV,8
YXAXFJXDKMXFZFLH,7
PEVSSRCTOAHXBDPM,5
DEHOZQYNNJCSUIRC,9
JBPGBVYTFKFLDFVR,10
ENWEFXNGYXCRDRXU,9
ZJBNZBIOQBZNUCCA,5
TTKXSMXABTZSJDAM,9
UJZCJZZSRPMDZTHZ,7
EOMPSMUUVZOIHVWD,10
XAUOIAASMHUGCYZW,6
CZLNEVTHHJIRIRNS,7
SMLSJHGSEBAKRQNW,7
LCDIBBNJNSJLVMGX,10
TFXTFPDYWKEVSVAT,5
NXKXEALJSCGAPHQT,9
EAREKDTBZZDOHOSX,7
FNRSAXELYOZQALXC,6
KKNXVEOTDGWSTZCI,6
GGVCETBQGCWWOVGL,7
FWIUADVDKAPUICXR,7
SAUHHGQQPCAPLFAC,6
KHMGIBRFUVLZVCWF,8
OSGGNFOFUMPFTKCR,8
LETRXKJMXUYMBAKY,7
TBEEMEFEPRNGJNEP,6
XBAILNNIXDTDERSA,4
IUUEUUFQFVDGKBPA,9
AFWQPHCWRCELWRYT,8
AERYFDKVQNSCVTYM,5
MZQWGLFDNSPLWYOT,8
QVNNPURHVUVLQFLM,5
KJOQDEBALPVVHHMF,6
WPEBZCEVSUOXDJOD,10
XBWNAHNKTAAKNPXD,6
YNJKSKWEVJVTBMUO,7
LZOXOCXZVUBIYYNL,8
OCKARIYFKOMTRJLG,8
VWEPADYFDPQTSKNY,7
TUBQMNEUCIWBHUHX,9
LOGEZTZFZZNRYNWO,7
PURAASDJHSESARJA,7
EOQHKFVPQOPBQSXR,8
JTDUBFXUUBNCXRWA,7
IKPQOVJLMQCTQFZX,6
BUTHMSGAJQUGMIYJ,5
QJNDBISVASDHIMES,7
QZOWUWZXIXYMCNDD,9
DWRBWPASSEIEADTS,8
ELGPRXXVDZFBHYYJ,6
WTVXRUONYUZFMOIY,6
XFVWJRKPOISZYZMU,8
TKBKACSALXKYLKGY,7
JGAFFWTUNSRJVYFX,8
OHOCSCWFGPUPMCTE,6
INYNANBMYEJAFBEB,7
BEEGSIPJIKLGUQHY,6
ZOGYUOTOFBGGAGPY,8
UQSEOJLJZYBOFNYR,9
GUUNXKJIUGUXBPGC,5
RSKRRHFLACDVINFJ,8
BRUCNARWBTKVVYKH,9
STNDTWVUIKPETZGJ,7
PCLUKBKNGOLLWKYG,7
PAFHMVQCEDMMEBDH,6
KOXHZOFQHMTGVMPW,7
KWSBDFPTUKRBPGPP,7
RRYWAYYVJMOBRRFX,6
KDILPJADCQETPRAY,3
KYQWNOHEYINUHIJM,5
VVFOUBWAYULIWSLK,8
RTZKUGPWFQRCJNNU,7
XFXCEMZJINFSIXSY,9
XFNZAXKMRIAVXHKH,5
OHKXKVNKCBGZVFYT,8
SFSXVKTBMDUZXIEE,8
SNRZNRVHIILQOGCO,5
MKHIVUJTXDYKQYUJ,6
CSHULQLUHCCTGAGI,8
HBPPFDKQSMEFFEHL,7
UYQVMRSLCIUQKSMR,8
XXHQJISVXSWWCURH,5
OMGHBSWQKREGHRLF,6
DCTUKNKYLJGBGHBD,6
GFQXJZTDILOPGWHY,6
NCHUPGOAWCXRUCLP,7
WKZYHFJGEIYJYCIQ,6
IFAPDDKRLOATSUPX,6
YEYQIPVONXVKSNFI,9
SPYLVLDHSCLQHDKI,7
LYRPMMODAIVOMDQI,8
FJWUKBIKLVVUBISU,6
ULORVNCPATQZTVEK,9
RTIMGFOALAMLLWEP,6
UFSBUWNXEQYBDBJB,7
AJWYUEUCXTIDBDCE,5
GXRNITSVSNELOZCJ,5
WNWBMPEAEJDZHYLX,8
PVWIEWHKHGLLZQTR,7
GEYUCLPQQLSEBXMH,5
CADASPMUSJMOKRAL,8
SENREPIRIQWGBUCN,8
FCJQWPQMVAYQPGSZ,6
JUXMRVTMMRLSZQNW,4
NNVRXAKVAYYTKECL,7
AYZAPQIXXQCMPITW,6
CHGZMIYIGMDEPOAX,4
HDSFAAIZNXOTYCQX,9
CHISWFATHQHNZBXV,6
VBVJLMOYHGGPKDEI,6
LHCMUQVFFZNIPEJN,5
PHAIKYZVGPKLUUMC,8
NJSEVPAEMCDPBUER,9
EZGLEBGUMBGHXCDT,5
DMOFKFDYSBBBCBKC,6
UUMJESUGTCZWXYQS,8
XEZTAGVCBOVAVFAD,8
LVCETBWKCCYPBDDT,8
IXRHRDAFGEZLKEUF,8
EMPIUCHLMBGOFKVR,5
GGVDZYBUIZFQHXSH,4
QINUJXYUMCGEZWRT,6
STSQFPWZBQUQNHMH,4
ULERJJGLHHTUARFO,6
BCHILXQCIMBRNWNR,8
IQAZEKINVLUNAVOA,6
OFANMXVUYVLQJMQB,7
GCHKWCUBJVEVZDHV,7
DXJWEITFISVCBYGD,6
GXEARIEQASVQUSCI,5
MFLPJSJOXIORLOFD,6
UQZNZHANBHWLZGAS,6
YCJMZUYHYOHUNQPN,5
MOSODQHFEFDBGUTS,8
CEIQQMMBAPKEIMZW,5
NVXTNXTEYSUHERYW,6
ATOZSTJDWDESYZJN,7
YHTQWFASCIAJKKOK,6
AJXRVCNGFFWXICGW,5
WVNXEDPPQRUNBWMJ,7
TYZMHDZPFTAWADHI,4
JQMIBEJXQTLXRACW,7
HGVTWZRSTAYJGVBJ,7
PMCLRIMPWYBWUBGJ,7
YIOVEPBZPJJGCJVV,8
FOZXALDASBKGQCJE,7
GUETPMCOMLFOXOPP,6
BXOSVWJQZPGSVMDS,5
ZMVEAWEXHWXJCOAJ,5
CEIEKBXTNTYXUVFS,8
NAJSWZDJNKPOGNUZ,6
HQXGXGRJKVSNTLUB,6
FZRAQUOLNXTUVJRH,7
CNCARISLCJJNJXPT,5
YMGRVWHLDRBVVWTQ,5
GBRWOJUJCWRDLOVO,6
VXDTYAABEIAHPTPU,4
RRJARZCIXDLCIRNI,4
MAQHCSDOVVYHXDGW,3
JAEUKNODHHPSEGIW,6
DEAKMFIBWIJIPIXO,5
LTGVBDCHEASKTSCT,6
XDHRMYYPHFQBIGZI,6
ABKGPEYUNRVTQWUS,4
CYGZKPUCWPJZHSZM,5
LUQBFLFKKXKUNXZO,3
FXRIWPSUGZVQZOJY,5
HEMJXMPHKNMFXDFA,3
DSZUOZLBLGNJCFYU,5
CLRBXKOCVVJRRWBJ,6
RJTHISVCLICEKAWF,6
TWFZQFCOSAOMPPZR,6
BNWWNKJFYKTZNAGJ,5
XUVIZWVLUEPPLILY,7
RLCTKNVSSADXZZUR,3
ZWVGQJVLLXDUXDMQ,6
URCMQLGEVLSOSJER,6
OJMFNOGOJZZSNAMU,7
JYNVLGEITZLMCOUH,4
NJPMZMOHLHAJMPNE,7
VHZATLNHYUUJBKHR,2
FDXRXBFGIXIIUGGE,4
DALWUONEMNJSPUIM,4
QUNSJTMJXKUIGQLL,7
DNGOACKXELASKDJB,5
DMXCDAKFJJVDOSQZ,6
IEPPNXWOIPYLBBCE,2
UIZNMOXAQPGMVPFK,7
UVYMVMQXKETCEUKF,5
RFFAOXPQAMGKMOFN,6
XMKGZCHMMMTPSXPN,6
BDBCWEFGVNXBDMWJ,7
WOROTOCKYCIDYEVT,5
GVVIWXVKWPGIYNQO,6
HUORVXQKZFNMHGMT,4
MLBZXNBGVQYOEUDR,5
GQBGYCLYFTIFSCLR,4
EXXRIVDTBZZSEGWP,6
YZKEWFWNWRDVFCSK,5
YKZUXGODNANSSGLT,5
NSNKELWVPTYNSAVA,4
RHRHCDVRKONPCAOD,3
AFMQWUFAMZRRFZMF,2
MFAMGOTNSMRMNVVE,6
NKNOLYNQRKVIMJGC,5
PMRIBDIRBDYPMFVE,4
DRORYBFRCQBTNKHY,5
ZKUIWHQYOQLYURUK,3
FWYLHQASTKGCYXAN,6
JFXMBBOQQTDONNAN,5
MVZQYGWJKEBDEDCT,4
MZSJTOTRDTYQVRCZ,4
HHVKCSMUAKRHJRAT,4
IXJZBZCRRXANCIGR,3
EGSAHJOBBKOWFWII,3
JNSZBGTIEPQOJMBF,5
BZLOPZCQBZSCTTYV,5
UXSLOLKJYJDCMSPD,4
IAPQIUWISFMDUCFB,4
DFJAADAYUBEJVGSZ,4
QZGEEURUVHVXBJYT,4
NAWJRQWJKQPARCDR,3
HFGIOSWGOUPIIWOT,1
ESYRTNFWNQHMIZJX,3
IUHAHTEYVZWMZSGG,1
